SEASON_ID,OFF_PLAYER_ID,OFF_PLAYER_NAME,DEF_PLAYER_ID,DEF_PLAYER_NAME,GP,MATCHUP_MIN,PARTIAL_POSS,PLAYER_PTS,TEAM_PTS,MATCHUP_AST,MATCHUP_TOV,MATCHUP_BLK,MATCHUP_FGM,MATCHUP_FGA,MATCHUP_FG_PCT,MATCHUP_FG3M,MATCHUP_FG3A,MATCHUP_FG3_PCT,HELP_BLK,HELP_FGM,HELP_FGA,HELP_FG_PERC,MATCHUP_FTM,MATCHUP_FTA,SFL,MATCHUP_TIME_SEC,MATCHUP_MIN_NUM
22025,1628389,Bam Adebayo,1628976,Wendell Carter Jr.,5,41:33,236.7,46,255,9,5,0,17,38,0.447,1,11,0.091,0,0,0,0,11,15,9,2493.0,41.55
22025,1631230,Dominick Barlow,1630552,Jalen Johnson,4,35:53,175.5,10,151,3,2,1,4,12,0.333,0,1,0.0,0,0,0,0,2,4,3,2153.1,35.88333333333333
22025,1642270,Donovan Clingan,203497,Rudy Gobert,4,35:26,171.6,17,163,6,2,0,7,16,0.438,2,10,0.2,0,0,0,0,1,2,0,2126.1,35.43333333333333
22025,203497,Rudy Gobert,1642270,Donovan Clingan,4,32:06,169.1,27,183,4,4,3,9,18,0.5,0,0,0.0,0,0,0,0,9,12,6,1926.2,32.1
22025,1628976,Wendell Carter Jr.,1628389,Bam Adebayo,5,35:01,167.4,29,186,5,2,0,12,19,0.632,3,8,0.375,0,0,0,0,2,2,0,2101.4,35.016666666666666
22025,201142,Kevin Durant,1641739,Toumani Camara,4,32:35,151.4,43,172,5,6,0,18,33,0.545,3,9,0.333,0,0,0,0,4,5,3,1954.9,32.583333333333336
22025,1630552,Jalen Johnson,1631094,Paolo Banchero,4,27:00,141.4,26,148,12,4,1,9,20,0.45,2,7,0.286,0,0,0,0,6,6,3,1620.4,27.0
22025,201142,Kevin Durant,1630183,Jaden McDaniels,3,28:03,138.5,37,126,8,7,6,14,27,0.519,1,2,0.5,0,0,0,0,8,9,2,1683.1,28.05
22025,1628983,Shai Gilgeous-Alexander,1641739,Toumani Camara,4,23:32,138.2,51,145,9,2,0,19,29,0.655,2,3,0.667,0,0,0,0,11,11,5,1412.4,23.533333333333335
22025,1631094,Paolo Banchero,1630552,Jalen Johnson,4,25:55,137.6,23,136,7,5,0,8,23,0.348,0,4,0.0,0,0,0,0,7,8,4,1555.3,25.916666666666668
22025,1630168,Onyeka Okongwu,1631105,Jalen Duren,4,24:35,136.8,26,111,8,4,1,10,19,0.526,3,8,0.375,0,0,0,0,3,4,2,1475.4,24.583333333333332
22025,1641739,Toumani Camara,201142,Kevin Durant,4,27:04,136.3,21,130,3,2,1,8,18,0.444,5,12,0.417,0,0,0,0,0,0,0,1623.7,27.066666666666666
22025,1631094,Paolo Banchero,1628970,Miles Bridges,4,30:20,135.3,37,144,11,2,2,12,25,0.48,3,6,0.5,0,0,0,0,10,14,7,1819.6,30.333333333333332
22025,1631109,Mark Williams,1629028,Deandre Ayton,5,26:33,134.9,27,146,4,3,0,10,12,0.833,0,0,0.0,0,0,0,0,7,9,6,1592.9,26.55
22025,203952,Andrew Wiggins,1627742,Brandon Ingram,4,27:25,134.1,18,123,3,3,1,8,20,0.4,2,7,0.286,0,0,0,0,0,0,0,1645.0,27.416666666666668
22025,1641705,Victor Wembanyama,203110,Draymond Green,4,25:24,134.0,44,131,11,7,1,17,35,0.486,3,9,0.333,0,0,0,0,7,8,3,1523.6,25.4
22025,1630178,Tyrese Maxey,1630700,Dyson Daniels,3,26:57,133.7,24,110,4,5,0,10,23,0.435,3,12,0.25,0,0,0,0,1,1,1,1616.5,26.95
22025,1627759,Jaylen Brown,202699,Tobias Harris,4,28:47,132.8,31,138,7,4,3,11,37,0.297,1,8,0.125,0,0,0,0,8,9,5,1727.3,28.783333333333335
22025,1627783,Pascal Siakam,1630567,Scottie Barnes,4,26:11,132.4,33,123,3,3,1,12,30,0.4,5,14,0.357,0,0,0,0,4,6,3,1570.6,26.183333333333334
22025,1631105,Jalen Duren,1630168,Onyeka Okongwu,4,24:44,131.6,34,136,2,5,1,13,20,0.65,0,0,0.0,0,0,0,0,8,11,6,1484.2,24.733333333333334
22025,1631260,AJ Green,203468,CJ McCollum,6,26:48,130.0,9,132,5,0,0,3,8,0.375,3,8,0.375,0,0,0,0,0,0,0,1608.4,26.8
22025,1630552,Jalen Johnson,1631230,Dominick Barlow,4,23:23,127.1,28,141,15,3,3,11,27,0.407,2,7,0.286,0,0,0,0,4,4,2,1402.5,23.383333333333333
22025,1630567,Scottie Barnes,1627783,Pascal Siakam,4,25:02,126.6,30,126,5,6,0,12,24,0.5,0,3,0.0,0,0,0,0,6,9,4,1501.9,25.033333333333335
22025,1629028,Deandre Ayton,1631109,Mark Williams,5,26:27,124.9,38,137,0,3,1,18,26,0.692,0,0,0.0,0,0,0,0,2,4,1,1586.7,26.45
22025,1629651,Nic Claxton,1631105,Jalen Duren,4,27:00,124.8,17,113,8,3,2,8,14,0.571,0,0,0.0,0,0,0,0,1,2,2,1620.5,27.0
22025,1630552,Jalen Johnson,1630567,Scottie Barnes,4,20:60,123.8,26,134,4,3,1,10,14,0.714,1,4,0.25,0,0,0,0,5,5,3,1259.6,21.0
22025,1628970,Miles Bridges,1630552,Jalen Johnson,3,28:50,122.6,18,121,6,3,0,8,20,0.4,0,8,0.0,0,0,0,0,2,2,0,1730.1,28.833333333333332
22025,1642270,Donovan Clingan,1642875,Maxime Raynaud,4,25:57,122.1,31,145,3,1,1,12,16,0.75,4,6,0.667,0,0,0,0,3,4,2,1556.8,25.95
22025,1628970,Miles Bridges,1631094,Paolo Banchero,4,24:24,121.8,27,148,3,3,0,10,25,0.4,5,13,0.385,0,0,0,0,2,3,1,1463.9,24.4
22025,202696,Nikola Vučević,1628976,Wendell Carter Jr.,3,23:32,121.7,20,107,6,5,0,9,12,0.75,2,2,1.0,0,0,0,0,0,0,0,1412.3,23.533333333333335
22025,1627826,Ivica Zubac,1631109,Mark Williams,4,26:40,121.6,38,122,4,4,0,16,21,0.762,0,0,0.0,0,0,0,0,6,10,4,1599.9,26.666666666666668
22025,203497,Rudy Gobert,203999,Nikola Jokić,4,23:34,120.9,15,114,4,3,2,7,15,0.467,0,0,0.0,0,0,0,0,1,2,1,1413.9,23.566666666666666
22025,2544,LeBron James,1629023,P.J. Washington,4,23:16,120.5,30,132,13,5,1,13,25,0.52,3,9,0.333,0,0,0,0,1,5,2,1396.0,23.266666666666666
22025,203497,Rudy Gobert,201572,Brook Lopez,4,24:39,120.5,12,107,4,4,1,5,6,0.833,0,0,0.0,0,0,0,0,2,2,0,1478.8,24.65
22025,1630581,Josh Giddey,1629614,Andrew Nembhard,3,23:11,120.2,23,138,10,4,0,8,12,0.667,1,4,0.25,0,0,0,0,6,8,4,1390.6,23.183333333333334
22025,201142,Kevin Durant,1629652,Luguentz Dort,3,29:07,120.0,25,130,5,2,0,9,17,0.529,1,4,0.25,0,0,0,0,6,7,1,1747.4,29.116666666666667
22025,203999,Nikola Jokić,1630578,Alperen Sengun,4,23:37,119.9,50,133,13,6,0,22,42,0.524,5,12,0.417,0,0,0,0,1,2,2,1416.8,23.616666666666667
22025,1628973,Jalen Brunson,1630700,Dyson Daniels,3,25:25,119.5,35,118,10,2,0,15,31,0.484,1,7,0.143,0,0,0,0,4,5,3,1525.1,25.416666666666668
22025,1630217,Desmond Bane,1629638,Nickeil Alexander-Walker,4,23:51,119.1,21,101,1,3,1,8,16,0.5,3,4,0.75,0,0,0,0,2,3,1,1431.3,23.85
22025,1631109,Mark Williams,1627826,Ivica Zubac,4,22:47,119.0,24,149,4,2,0,9,15,0.6,0,0,0.0,0,0,0,0,6,7,4,1367.1,22.783333333333335
22025,1641705,Victor Wembanyama,203994,Jusuf Nurkić,3,23:14,119.0,56,152,4,3,0,20,35,0.571,6,16,0.375,0,0,0,0,10,10,6,1394.0,23.233333333333334
22025,201935,James Harden,1630230,Naji Marshall,4,22:48,118.7,26,114,12,4,0,11,16,0.688,4,6,0.667,0,0,0,0,0,0,0,1367.6,22.8
22025,203999,Nikola Jokić,203944,Julius Randle,4,22:19,117.9,43,134,16,8,0,16,24,0.667,3,3,1.0,0,0,0,0,8,8,2,1339.4,22.316666666666666
22025,1628976,Wendell Carter Jr.,1631105,Jalen Duren,4,23:10,117.9,15,123,7,4,1,6,10,0.6,3,4,0.75,0,0,0,0,0,0,0,1389.9,23.166666666666668
22025,1628976,Wendell Carter Jr.,202696,Nikola Vučević,3,22:39,117.7,19,113,1,0,1,7,14,0.5,2,4,0.5,0,0,0,0,3,6,2,1358.6,22.65
22025,203497,Rudy Gobert,203994,Jusuf Nurkić,3,22:24,117.6,15,129,2,2,0,7,7,1.0,0,0,0.0,0,0,0,0,1,2,1,1343.6,22.4
22025,1628976,Wendell Carter Jr.,1630168,Onyeka Okongwu,4,22:23,117.1,25,110,2,3,0,10,17,0.588,1,5,0.2,0,0,0,0,4,6,2,1342.9,22.383333333333333
22025,201935,James Harden,1642377,Jaylen Wells,3,24:55,116.9,21,95,10,4,0,6,16,0.375,5,11,0.455,0,0,0,0,4,5,3,1495.1,24.916666666666668
22025,203110,Draymond Green,1641705,Victor Wembanyama,4,25:38,116.4,27,113,15,7,3,9,30,0.3,4,18,0.222,0,0,0,0,5,5,2,1537.8,25.633333333333333
22025,1629130,Duncan Robinson,1630202,Payton Pritchard,4,25:47,116.0,15,118,5,0,0,5,12,0.417,5,10,0.5,0,0,0,0,0,0,0,1547.2,25.783333333333335
22025,203994,Jusuf Nurkić,203497,Rudy Gobert,3,21:07,115.9,14,100,16,5,2,6,17,0.353,1,2,0.5,0,0,0,0,1,4,2,1267.3,21.116666666666667
22025,1627742,Brandon Ingram,1628969,Mikal Bridges,5,24:23,115.7,32,99,7,5,0,13,20,0.65,2,3,0.667,0,0,0,0,4,9,5,1462.7,24.383333333333333
22025,1642276,Kel'el Ware,1626157,Karl-Anthony Towns,4,21:21,115.0,23,138,1,0,0,9,14,0.643,4,6,0.667,0,0,0,0,1,1,1,1281.1,21.35
22025,1626181,Norman Powell,1628969,Mikal Bridges,4,20:40,114.7,31,126,2,0,2,12,26,0.462,5,10,0.5,0,0,0,0,2,2,1,1240.3,20.666666666666668
22025,1630168,Onyeka Okongwu,202696,Nikola Vučević,3,21:08,114.7,21,124,6,1,1,9,19,0.474,3,6,0.5,0,0,0,0,0,2,1,1268.1,21.133333333333333
22025,1630217,Desmond Bane,1628969,Mikal Bridges,4,23:15,114.0,14,121,6,2,1,6,17,0.353,0,4,0.0,0,0,0,0,2,2,0,1395.3,23.25
22025,1630241,Sam Merrill,1629130,Duncan Robinson,4,22:27,113.1,14,105,3,2,1,5,13,0.385,4,10,0.4,0,0,0,0,0,0,0,1347.2,22.45
22025,202699,Tobias Harris,1630552,Jalen Johnson,3,21:51,113.1,27,113,3,2,0,11,27,0.407,3,7,0.429,0,0,0,0,2,2,1,1311.4,21.85
22025,1630596,Evan Mobley,1630567,Scottie Barnes,3,22:26,112.9,14,98,8,5,1,6,10,0.6,1,3,0.333,0,0,0,0,1,2,1,1345.6,22.433333333333334
22025,1631105,Jalen Duren,1628976,Wendell Carter Jr.,4,21:43,112.7,13,125,4,5,1,5,12,0.417,0,0,0.0,0,0,0,0,3,5,3,1303.1,21.716666666666665
22025,1629651,Nic Claxton,1629674,Neemias Queta,4,23:46,112.3,25,131,14,2,3,10,23,0.435,0,0,0.0,0,0,0,0,5,10,6,1425.8,23.766666666666666
22025,203994,Jusuf Nurkić,1641705,Victor Wembanyama,3,22:34,111.7,25,128,22,5,4,9,28,0.321,3,10,0.3,0,0,0,0,4,4,2,1354.2,22.566666666666666
22025,1642270,Donovan Clingan,201572,Brook Lopez,4,25:49,111.5,12,114,3,2,0,4,11,0.364,4,8,0.5,0,0,0,0,0,0,0,1548.6,25.816666666666666
22025,1629651,Nic Claxton,1630168,Onyeka Okongwu,4,21:55,111.1,29,91,7,1,1,13,23,0.565,0,2,0.0,0,0,0,0,3,3,2,1314.6,21.916666666666668
22025,1628384,OG Anunoby,1630552,Jalen Johnson,3,23:38,111.1,13,91,0,2,0,5,15,0.333,2,9,0.222,0,0,0,0,1,2,1,1418.2,23.633333333333333
22025,1630178,Tyrese Maxey,1642347,Jamal Shead,4,24:09,111.0,27,116,4,4,0,11,18,0.611,5,8,0.625,0,0,0,0,0,0,0,1449.0,24.15
22025,1630178,Tyrese Maxey,1631157,Ryan Rollins,3,24:30,110.7,23,124,8,7,1,10,20,0.5,3,10,0.3,0,0,0,0,0,0,0,1470.2,24.5
22025,201935,James Harden,1630700,Dyson Daniels,4,24:14,110.5,21,100,10,7,0,8,16,0.5,5,11,0.455,0,0,0,0,0,0,0,1453.9,24.233333333333334
22025,1627750,Jamal Murray,1630183,Jaden McDaniels,4,22:37,110.5,37,112,7,3,1,14,25,0.56,5,9,0.556,0,0,0,0,4,6,3,1357.1,22.616666666666667
22025,1630162,Anthony Edwards,1627739,Kris Dunn,4,23:56,110.2,22,93,5,6,0,7,19,0.368,2,5,0.4,0,0,0,0,6,7,3,1435.9,23.933333333333334
22025,201939,Stephen Curry,1641739,Toumani Camara,4,21:02,110.0,25,110,6,2,1,9,19,0.474,5,11,0.455,0,0,0,0,2,2,1,1261.6,21.033333333333335
22025,1628983,Shai Gilgeous-Alexander,1642264,Stephon Castle,4,21:13,109.9,24,114,12,2,0,6,19,0.316,1,5,0.2,0,0,0,0,11,13,6,1273.0,21.216666666666665
22025,1631095,Jabari Smith Jr.,1629661,Cameron Johnson,4,26:33,109.7,21,113,2,4,1,7,18,0.389,5,9,0.556,0,0,0,0,2,3,1,1593.0,26.55
22025,1641750,Ryan Kalkbrenner,202696,Nikola Vučević,4,23:04,109.2,11,127,1,1,1,4,5,0.8,0,0,0.0,0,0,0,0,3,4,2,1383.8,23.066666666666666
22025,1630567,Scottie Barnes,1628404,Josh Hart,5,22:03,109.2,35,98,6,5,0,15,31,0.484,5,12,0.417,0,0,0,0,0,0,0,1323.5,22.05
22025,1628389,Bam Adebayo,202696,Nikola Vučević,4,20:29,108.6,46,132,2,0,0,17,35,0.486,6,14,0.429,0,0,0,0,6,8,4,1228.5,20.483333333333334
22025,1629029,Luka Dončić,1627739,Kris Dunn,4,21:57,106.9,44,109,11,6,0,14,30,0.467,6,12,0.5,0,0,0,0,10,14,8,1316.8,21.95
22025,1641750,Ryan Kalkbrenner,1627751,Jakob Poeltl,3,20:46,106.9,12,100,2,1,0,4,7,0.571,0,0,0.0,0,0,0,0,4,6,3,1245.8,20.766666666666666
22025,1628973,Jalen Brunson,1642845,VJ Edgecombe,4,22:37,106.2,19,89,7,3,2,8,24,0.333,2,5,0.4,0,0,0,0,1,2,0,1356.7,22.616666666666667
22025,1629674,Neemias Queta,1631105,Jalen Duren,3,23:29,105.5,12,124,4,1,0,5,7,0.714,0,0,0.0,0,0,0,0,2,2,0,1408.8,23.483333333333334
22025,201142,Kevin Durant,1630529,Herbert Jones,3,25:02,105.4,29,105,3,4,0,12,16,0.75,1,4,0.25,0,0,0,0,4,5,1,1502.2,25.033333333333335
22025,203468,CJ McCollum,1642377,Jaylen Wells,4,21:10,105.1,18,95,4,2,0,6,13,0.462,3,9,0.333,0,0,0,0,3,3,1,1269.9,21.166666666666668
22025,1630567,Scottie Barnes,1628970,Miles Bridges,4,20:33,104.9,20,102,6,2,0,9,13,0.692,1,2,0.5,0,0,0,0,1,2,1,1233.0,20.55
22025,1642270,Donovan Clingan,203999,Nikola Jokić,4,22:37,104.8,25,107,1,1,2,10,21,0.476,5,9,0.556,0,0,0,0,0,0,0,1356.8,22.616666666666667
22025,1642852,Derik Queen,203497,Rudy Gobert,3,20:35,104.8,24,97,9,2,0,9,18,0.5,3,3,1.0,0,0,0,0,3,6,3,1234.8,20.583333333333332
22025,1630183,Jaden McDaniels,201142,Kevin Durant,3,20:48,104.6,19,109,1,2,0,8,16,0.5,1,2,0.5,0,0,0,0,2,2,1,1247.5,20.8
22025,1629638,Nickeil Alexander-Walker,1642450,Daniss Jenkins,4,21:43,104.4,12,86,4,1,0,5,15,0.333,0,7,0.0,0,0,0,0,2,2,0,1303.4,21.716666666666665
22025,1630202,Payton Pritchard,1641709,Ausar Thompson,4,24:44,104.4,15,122,2,1,1,5,14,0.357,5,12,0.417,0,0,0,0,0,0,0,1484.4,24.733333333333334
22025,201935,James Harden,1630558,Davion Mitchell,4,21:27,104.3,20,103,9,6,0,6,10,0.6,3,6,0.5,0,0,0,0,5,5,1,1287.2,21.45
22025,1630162,Anthony Edwards,1629652,Luguentz Dort,4,21:39,104.3,23,123,9,5,0,8,17,0.471,4,9,0.444,0,0,0,0,3,4,2,1298.9,21.65
22025,203501,Tim Hardaway Jr.,1628978,Donte DiVincenzo,4,21:11,103.9,22,103,1,0,0,7,9,0.778,4,6,0.667,0,0,0,0,4,4,2,1270.6,21.183333333333334
22025,1641730,Noah Clowney,1627759,Jaylen Brown,4,21:06,103.9,13,99,2,1,0,5,14,0.357,1,6,0.167,0,0,0,0,2,4,1,1266.3,21.1
22025,1629627,Zion Williamson,1628991,Jaren Jackson Jr.,4,21:25,103.8,42,111,8,6,4,16,29,0.552,0,0,0.0,0,0,0,0,10,11,5,1284.7,21.416666666666668
22025,1631094,Paolo Banchero,1630567,Scottie Barnes,3,22:05,103.8,18,109,6,4,0,6,17,0.353,0,4,0.0,0,0,0,0,6,6,4,1324.8,22.083333333333332
22025,1628970,Miles Bridges,1627783,Pascal Siakam,3,21:40,103.7,27,110,2,2,0,11,20,0.55,5,9,0.556,0,0,0,0,0,0,0,1300.3,21.666666666666668
22025,1628969,Mikal Bridges,1627742,Brandon Ingram,5,22:08,103.6,11,114,5,1,0,5,13,0.385,1,5,0.2,0,0,0,0,0,0,0,1327.9,22.133333333333333
22025,1630178,Tyrese Maxey,1641710,Anthony Black,3,22:35,103.5,23,90,5,0,0,10,19,0.526,3,8,0.375,0,0,0,0,0,0,0,1354.7,22.583333333333332
22025,1629674,Neemias Queta,1626157,Karl-Anthony Towns,4,24:02,103.3,10,106,4,2,0,5,8,0.625,0,0,0.0,0,0,0,0,0,0,0,1441.8,24.033333333333335
22025,1631095,Jabari Smith Jr.,201942,DeMar DeRozan,4,22:59,103.2,9,105,1,1,0,4,14,0.286,1,7,0.143,0,0,0,0,0,0,0,1379.1,22.983333333333334
22025,203999,Nikola Jokić,203497,Rudy Gobert,4,20:09,103.1,34,113,16,5,0,13,20,0.65,3,7,0.429,0,0,0,0,5,6,2,1209.3,20.15
22025,201572,Brook Lopez,203497,Rudy Gobert,4,21:39,103.1,16,101,2,3,1,5,13,0.385,4,9,0.444,0,0,0,0,2,2,1,1299.3,21.65
22025,1630162,Anthony Edwards,1641739,Toumani Camara,3,20:39,103.1,30,135,2,5,0,11,24,0.458,5,10,0.5,0,0,0,0,3,3,2,1238.7,20.65
22025,1630578,Alperen Sengun,1642875,Maxime Raynaud,4,21:15,103.1,37,99,8,4,1,17,27,0.63,0,3,0.0,0,0,0,0,3,5,3,1274.6,21.25
22025,1629651,Nic Claxton,202696,Nikola Vučević,4,20:48,102.9,21,108,11,2,1,10,15,0.667,0,0,0.0,0,0,0,0,1,3,2,1248.4,20.8
22025,1627759,Jaylen Brown,1626162,Kelly Oubre Jr.,4,22:47,102.3,19,98,11,7,0,8,17,0.471,1,4,0.25,0,0,0,0,2,3,2,1366.9,22.783333333333335
22025,1630595,Cade Cunningham,1630700,Dyson Daniels,3,21:02,102.2,20,100,9,4,0,9,24,0.375,0,3,0.0,0,0,0,0,2,2,1,1261.7,21.033333333333335
22025,1641718,Keyonte George,1642264,Stephon Castle,3,21:47,102.1,17,116,9,3,0,5,11,0.455,3,6,0.5,0,0,0,0,4,5,1,1306.9,21.783333333333335
22025,1630217,Desmond Bane,1629614,Andrew Nembhard,3,20:42,101.8,19,120,10,1,0,8,16,0.5,2,6,0.333,0,0,0,0,1,1,1,1242.3,20.7
22025,1642875,Maxime Raynaud,1630578,Alperen Sengun,4,20:24,101.2,19,129,5,2,2,9,19,0.474,1,1,1.0,0,0,0,0,0,0,0,1223.7,20.4
22025,1629029,Luka Dončić,1642377,Jaylen Wells,3,20:47,101.1,32,119,11,5,0,11,20,0.55,3,9,0.333,0,0,0,0,7,10,5,1247.0,20.783333333333335
22025,1631260,AJ Green,1630241,Sam Merrill,4,20:15,100.3,15,117,2,3,0,4,6,0.667,4,6,0.667,0,0,0,0,3,3,1,1215.0,20.25
22025,1627750,Jamal Murray,1641708,Amen Thompson,4,20:39,100.2,14,96,11,2,0,4,10,0.4,2,4,0.5,0,0,0,0,4,4,1,1239.0,20.65
22025,1630193,Immanuel Quickley,1631157,Ryan Rollins,4,20:27,99.5,35,120,8,2,0,12,23,0.522,6,11,0.545,0,0,0,0,5,5,3,1227.3,20.45
22025,1630183,Jaden McDaniels,201942,DeMar DeRozan,4,20:06,99.5,15,125,3,4,0,6,11,0.545,1,3,0.333,0,0,0,0,2,2,0,1205.7,20.1
22025,203497,Rudy Gobert,1628392,Isaiah Hartenstein,4,20:14,99.0,8,99,3,2,2,3,8,0.375,0,0,0.0,0,0,0,0,2,2,1,1214.3,20.233333333333334
22025,1628392,Isaiah Hartenstein,203497,Rudy Gobert,4,20:44,98.9,10,98,4,1,1,5,12,0.417,0,0,0.0,0,0,0,0,0,1,1,1244.1,20.733333333333334
22025,203497,Rudy Gobert,1629028,Deandre Ayton,3,20:08,98.9,4,116,6,2,0,1,2,0.5,0,0,0.0,0,0,0,0,2,4,2,1208.1,20.133333333333333
22025,1629008,Michael Porter Jr.,203952,Andrew Wiggins,3,20:01,98.8,21,89,4,2,1,7,25,0.28,5,15,0.333,0,0,0,0,2,3,2,1201.3,20.016666666666666
22025,1626157,Karl-Anthony Towns,1630567,Scottie Barnes,5,21:55,98.8,19,112,5,4,2,8,20,0.4,1,6,0.167,0,0,0,0,2,4,2,1314.7,21.916666666666668
22025,1630579,Jericho Sims,1631105,Jalen Duren,4,22:48,98.5,16,127,6,1,1,7,9,0.778,0,0,0.0,0,0,0,0,2,3,2,1368.3,22.8
22025,201572,Brook Lopez,1642270,Donovan Clingan,4,20:38,97.9,29,101,4,4,1,10,28,0.357,5,20,0.25,0,0,0,0,4,4,2,1237.8,20.633333333333333
22025,1629028,Deandre Ayton,203497,Rudy Gobert,3,21:27,97.7,22,103,4,2,0,11,14,0.786,0,0,0.0,0,0,0,0,0,0,0,1287.5,21.45
22025,1642270,Donovan Clingan,1628436,Luke Kornet,3,21:45,97.5,26,91,5,0,0,10,17,0.588,4,5,0.8,0,0,0,0,2,2,1,1304.5,21.75
22025,1628973,Jalen Brunson,1630591,Jalen Suggs,4,20:01,97.4,45,113,5,1,1,17,29,0.586,2,7,0.286,0,0,0,0,9,9,6,1201.4,20.016666666666666
22025,1641708,Amen Thompson,1628978,Donte DiVincenzo,3,21:06,95.7,18,92,4,1,2,9,13,0.692,0,1,0.0,0,0,0,0,0,0,0,1265.8,21.1
22025,201142,Kevin Durant,1629023,P.J. Washington,4,21:12,94.1,30,91,2,2,1,13,26,0.5,1,4,0.25,0,0,0,0,3,3,1,1272.4,21.2
22025,1626157,Karl-Anthony Towns,1629651,Nic Claxton,4,21:06,94.0,39,101,5,3,3,12,28,0.429,5,7,0.714,0,0,0,0,10,10,5,1265.6,21.1
22025,1630162,Anthony Edwards,1642377,Jaylen Wells,3,20:11,93.5,27,111,3,3,0,8,19,0.421,1,7,0.143,0,0,0,0,10,12,6,1211.0,20.183333333333334
22025,1630578,Alperen Sengun,203999,Nikola Jokić,4,22:13,92.0,28,95,11,6,0,13,30,0.433,0,2,0.0,0,0,0,0,2,2,1,1333.2,22.216666666666665
22025,1642851,Kon Knueppel,1629638,Nickeil Alexander-Walker,4,21:17,89.0,18,83,5,2,1,5,15,0.333,3,8,0.375,0,0,0,0,5,5,2,1277.2,21.283333333333335
22025,1631217,Moussa Diabaté,1630643,Jay Huff,3,20:36,87.2,14,96,4,1,2,4,11,0.364,0,0,0.0,0,0,0,0,6,7,1,1235.8,20.6
22025,1641750,Ryan Kalkbrenner,1628386,Jarrett Allen,3,20:43,86.5,14,109,0,2,1,7,11,0.636,0,0,0.0,0,0,0,0,0,0,0,1242.9,20.716666666666665
22025,1628401,Derrick White,1642845,VJ Edgecombe,4,20:39,83.1,10,71,7,2,0,3,15,0.2,2,8,0.25,0,0,0,0,2,2,1,1239.4,20.65
