PLAYER_ID,PLAYER_NAME,NICKNAME,TEAM_ID,TEAM_ABBREVIATION,AGE,GP,W,L,W_PCT,MIN,DEF_RATING,DREB,DREB_PCT,PCT_DREB,STL,PCT_STL,BLK,PCT_BLK,OPP_PTS_OFF_TOV,OPP_PTS_2ND_CHANCE,OPP_PTS_FB,OPP_PTS_PAINT,DEF_WS,DEF_WS_RAW,GP_RANK,W_RANK,L_RANK,W_PCT_RANK,MIN_RANK,DEF_RATING_RANK,DREB_RANK,DREB_PCT_RANK,PCT_DREB_RANK,STL_RANK,PCT_STL_RANK,BLK_RANK,PCT_BLK_RANK,OPP_PTS_OFF_TOV_RANK,OPP_PTS_2ND_CHANCE_RANK,OPP_PTS_FB_RANK,OPP_PTS_PAINT_RANK,DEF_WS_RANK,G,CONTESTED_SHOTS,CONTESTED_SHOTS_2PT,CONTESTED_SHOTS_3PT,DEFLECTIONS,CHARGES_DRAWN,SCREEN_ASSISTS,SCREEN_AST_PTS,OFF_LOOSE_BALLS_RECOVERED,DEF_LOOSE_BALLS_RECOVERED,LOOSE_BALLS_RECOVERED,PCT_LOOSE_BALLS_RECOVERED_OFF,PCT_LOOSE_BALLS_RECOVERED_DEF,OFF_BOXOUTS,DEF_BOXOUTS,BOX_OUT_PLAYER_TEAM_REBS,BOX_OUT_PLAYER_REBS,BOX_OUTS,PCT_BOX_OUTS_OFF,PCT_BOX_OUTS_DEF,PCT_BOX_OUTS_TEAM_REB,PCT_BOX_OUTS_REB,DEF_PLAYER_ID,DEF_PLAYER_NAME,avg_fg_pct_allowed,avg_3fg_pct_allowed,total_possessions,BLK_score,OPP_PTS_PAINT_score,DEF_RATING_score,rim_protection_score,CONTESTED_SHOTS_2PT_score,CONTESTED_SHOTS_3PT_score,shot_contesting_score,DEFLECTIONS_score,STL_score,CHARGES_DRAWN_score,ball_disruption_score,avg_fg_pct_allowed_score,avg_3fg_pct_allowed_score,on_ball_matchup_def_score,DREB_score,DEF_BOXOUTS_score,def_reb_score,rim_protection_percentile,shot_contesting_percentile,ball_disruption_percentile,on_ball_matchup_def_percentile,def_reb_percentile,rim_protection_label,shot_contesting_label,ball_disruption_label,on_ball_matchup_def_label,def_reb_label,SEASON
201166,Aaron Brooks,Aaron,1610612741,CHI,31.0,69,36,33,0.522,1107.71,102.3,80,0.068,0.101,30,0.226,10,0.089,362.0,287.0,317.0,950.0,4.04,4.040366841839065,185,151,291,204,254,156,324,439,452,251,142,286,321,215,224,237,211,205,1,1,1,0,0,0,0,0,0,0,0,0.0,0.0,0,0,0,0,0,0.0,0.0,0.0,0.0,,,,,,3.3582089552238807,80.83475298126065,50.62500000000006,42.29169712553079,4.3478260869565215,0.0,1.7391304347826086,0.0,10.897435897435898,0.0,3.814102564102564,,,,4.557640750670242,,,68.93939393939394,6.4393939393939394,8.333333333333332,,,Average,Poor,Poor,Poor,Poor,2015-16
203932,Aaron Gordon,Aaron,1610612753,ORL,20.0,78,32,46,0.41,1863.12,104.6,353,0.189,0.273,59,0.186,55,0.252,607.0,408.0,519.0,1710.0,5.5,5.504803656379219,81,183,423,325,135,256,55,80,97,117,241,57,138,336,294,353,355,117,1,2,2,0,0,0,0,0,0,0,1,0.0,0.0,0,0,0,0,0,0.0,0.0,0.0,0.0,,,,,,20.149253731343283,48.46678023850085,36.25000000000007,34.08557457601263,8.695652173913043,0.0,3.4782608695652173,0.0,29.48717948717949,0.0,10.320512820512821,,,,41.152815013404826,,,44.696969696969695,12.878787878787879,39.39393939393939,,,Average,Poor,Below Average,Poor,Poor,2015-16
201143,Al Horford,Al,1610612737,ATL,30.0,82,48,34,0.585,2631.181666666667,98.7,448,0.158,0.241,68,0.144,121,0.383,823.0,710.0,622.0,2188.0,12.64,12.640133131678981,1,48,307,133,27,55,28,138,134,88,362,14,79,431,451,405,430,3,2,25,22,3,3,0,6,12,0,0,0,0.0,0.0,0,0,0,0,0,0.0,0.0,0.0,0.0,,,,,,44.776119402985074,28.109028960817717,73.12500000000001,46.02985789748024,95.65217391304348,27.27272727272727,54.62450592885376,27.27272727272727,35.256410256410255,0.0,23.248834498834498,,,,53.88739946380697,,,78.78787878787878,97.72727272727273,77.27272727272727,,,Above Average,Elite,Above Average,Poor,Poor,2015-16
201582,Alexis Ajinca,Alexis,1610612740,NOP,28.0,59,20,39,0.339,860.715,101.4,194,0.227,0.328,19,0.13,36,0.545,249.0,167.0,184.0,682.0,3.4,3.397903737523352,260,303,367,389,294,119,172,31,33,313,392,107,27,165,149,151,173,245,1,7,5,2,1,0,0,0,0,0,0,0.0,0.0,0,0,0,0,0,0.0,0.0,0.0,0.0,,,,,,13.059701492537313,92.24872231686541,56.25,51.57343340791782,21.73913043478261,18.181818181818183,19.604743083003953,9.090909090909092,3.8461538461538463,0.0,4.9825174825174825,,,,19.839142091152816,,,91.66666666666666,56.81818181818182,14.393939393939394,,,Elite,Average,Poor,Poor,Poor,2015-16
202087,Alonzo Gee,Alonzo,1610612740,NOP,29.0,73,27,46,0.37,1632.0016666666668,104.7,185,0.111,0.16,63,0.227,13,0.087,494.0,442.0,390.0,1530.0,4.79,4.785808072049749,144,247,423,366,175,262,180,275,294,101,137,252,326,282,320,283,326,162,1,2,2,0,3,0,0,0,0,0,1,0.0,0.0,0,0,0,0,0,0.0,0.0,0.0,0.0,,,,,,4.477611940298507,56.132879045996596,35.625000000000014,30.343802442218212,8.695652173913043,0.0,3.4782608695652173,27.27272727272727,32.05128205128205,0.0,22.127039627039625,,,,18.63270777479893,,,33.33333333333333,12.878787878787879,74.24242424242425,,,Below Average,Poor,Above Average,Poor,Poor,2015-16
2405,Amar'e Stoudemire,Amar'e,1610612748,MIA,33.0,52,30,22,0.577,762.3016666666666,103.6,157,0.206,0.29,18,0.161,41,0.5,242.0,172.0,215.0,678.0,2.46,2.462292363603965,299,209,165,148,311,211,224,50,66,319,310,89,37,160,152,168,172,288,1,0,0,0,0,0,1,2,0,0,0,0.0,0.0,0,0,0,0,0,0.0,0.0,0.0,0.0,,,,,,14.925373134328357,92.4190800681431,42.50000000000007,48.94182727758144,0.0,0.0,0.0,0.0,3.205128205128205,0.0,1.1217948717948716,,,,14.87935656836461,,,86.36363636363636,1.5151515151515151,2.272727272727273,,,Above Average,Poor,Poor,Poor,Poor,2015-16
2738,Andre Iguodala,Andre,1610612744,GSW,32.0,65,59,6,0.908,1731.6416666666667,99.6,211,0.11,0.171,73,0.222,19,0.09,616.0,507.0,513.0,1630.0,7.82,7.818886300596453,221,16,39,8,153,70,152,279,267,75,148,195,319,339,356,352,338,52,2,3,3,0,3,0,1,3,0,0,5,0.0,0.0,0,0,0,0,0,0.0,0.0,0.0,0.0,,,,,,6.7164179104477615,51.873935264054516,67.50000000000007,37.7174445065982,13.043478260869565,0.0,5.217391304347826,27.27272727272727,38.46153846153847,0.0,24.370629370629374,,,,22.117962466487935,,,58.333333333333336,17.045454545454543,78.78787878787878,,,Average,Below Average,Above Average,Poor,Poor,2015-16
101106,Andrew Bogut,Andrew,1610612744,GSW,31.0,70,62,8,0.886,1451.26,97.9,371,0.229,0.324,33,0.145,114,0.567,486.0,386.0,403.0,1230.0,7.21,7.2126349133335745,177,12,62,17,200,48,48,29,37,235,356,15,24,277,287,292,271,68,2,18,16,2,1,0,5,10,0,0,1,0.0,0.0,0,0,0,0,0,0.0,0.0,0.0,0.0,,,,,,42.16417910447761,68.90971039182283,78.125,60.51532027892904,69.56521739130434,18.181818181818183,38.73517786561265,9.090909090909092,12.82051282051282,0.0,8.123543123543122,,,,43.5656836461126,,,98.48484848484848,85.60606060606061,29.545454545454547,,,Elite,Above Average,Below Average,Poor,Poor,2015-16
203952,Andrew Wiggins,Andrew,1610612750,MIN,21.0,81,29,52,0.358,2844.59,107.9,186,0.066,0.1,78,0.161,46,0.158,996.0,767.0,802.0,2724.0,5.36,5.356686343547082,19,215,446,375,8,389,179,443,455,64,308,77,220,471,466,466,475,131,1,12,4,8,8,0,1,2,0,0,5,0.0,0.0,0,0,0,0,0,0.0,0.0,0.0,0.0,,,,,,16.791044776119403,5.281090289608177,15.625,12.471049511810623,17.391304347826086,72.72727272727273,50.59288537549408,72.72727272727273,41.66666666666667,0.0,43.67424242424243,,,,18.766756032171582,,,3.0303030303030303,96.21212121212122,92.42424242424242,,,Poor,Elite,Elite,Poor,Poor,2015-16
203076,Anthony Davis,Anthony,1610612740,NOP,23.0,61,24,37,0.393,2164.26,107.8,497,0.234,0.332,78,0.226,125,0.568,651.0,510.0,552.0,1934.0,4.17,4.173998584249935,241,271,343,343,87,381,15,26,32,64,139,12,23,354,357,361,390,197,1,15,9,6,1,0,3,6,0,0,1,0.0,0.0,0,0,0,0,0,0.0,0.0,0.0,0.0,,,,,,46.26865671641791,38.9267461669506,16.250000000000053,36.194323844999886,39.130434782608695,54.54545454545454,48.379446640316196,9.090909090909092,41.66666666666667,0.0,18.21969696969697,,,,60.45576407506702,,,50.75757575757576,94.31818181818183,64.39393939393939,,,Average,Elite,Average,Poor,Poor,2015-16
201167,Arron Afflalo,Arron,1610612752,NYK,30.0,71,27,44,0.38,2370.923333333333,107.4,243,0.098,0.142,25,0.11,10,0.035,719.0,631.0,633.0,2174.0,4.84,4.835332103351281,172,247,413,359,55,363,124,322,341,276,426,286,417,386,420,411,428,158,1,9,3,6,0,0,0,0,0,0,2,0.0,0.0,0,0,0,0,0,0.0,0.0,0.0,0.0,,,,,,3.3582089552238807,28.70528109028961,18.75,16.077631963690916,13.043478260869565,54.54545454545454,37.94466403162055,0.0,7.6923076923076925,0.0,2.692307692307692,,,,26.40750670241287,,,5.303030303030303,84.84848484848484,7.196969696969697,,,Poor,Above Average,Poor,Poor,Poor,2015-16
2757,Beno Udrih,Beno,1610612763,MEM,33.0,44,26,18,0.591,707.6533333333333,101.7,64,0.091,0.125,14,0.151,1,0.011,220.0,149.0,126.0,560.0,2.71,2.707627350773627,330,258,139,123,317,131,351,354,392,345,342,419,441,147,137,116,144,274,1,8,6,2,1,0,1,2,0,0,2,0.0,0.0,0,0,0,0,0,0.0,0.0,0.0,0.0,,,,,,0.0,97.44463373083475,54.375000000000014,47.69937180579217,26.08695652173913,18.181818181818183,21.343873517786562,9.090909090909092,0.641025641025641,0.0,3.860722610722611,,,,2.4128686327077746,,,82.57575757575758,59.84848484848485,9.469696969696969,,,Above Average,Average,Poor,Poor,Poor,2015-16
1626171,Bobby Portis Jr.,Bobby,1610612741,CHI,21.0,62,29,33,0.468,1102.08,108.0,214,0.186,0.275,25,0.21,22,0.206,363.0,301.0,313.0,1016.0,2.05,2.0455776761526785,235,215,291,273,256,391,147,86,91,276,175,173,173,216,233,234,223,318,1,5,2,3,0,0,0,0,0,0,0,0.0,0.0,0,0,0,0,0,0.0,0.0,0.0,0.0,,,,,,7.835820895522389,78.02385008517888,15.000000000000036,34.19267588802157,8.695652173913043,27.27272727272727,19.84189723320158,0.0,7.6923076923076925,0.0,2.692307692307692,,,,22.5201072386059,,,46.21212121212121,58.333333333333336,7.196969696969697,,,Average,Average,Poor,Poor,Poor,2015-16
2564,Boris Diaw,Boris,1610612759,SAS,34.0,76,64,12,0.842,1385.53,96.4,175,0.124,0.175,26,0.113,21,0.132,427.0,311.0,317.0,1260.0,7.76,7.764268672901386,109,7,88,24,210,28,196,227,258,267,424,179,252,247,241,237,274,54,1,4,4,0,3,0,1,3,0,0,0,0.0,0.0,0,0,0,0,0,0.0,0.0,0.0,0.0,,,,,,7.462686567164178,67.6320272572402,87.5,48.53128416689974,17.391304347826086,0.0,6.956521739130435,27.27272727272727,8.333333333333332,0.0,13.825757575757574,,,,17.292225201072387,,,85.60606060606061,20.075757575757574,53.40909090909091,,,Above Average,Below Average,Average,Poor,Poor,2015-16
201575,Brandon Rush,Brandon,1610612744,GSW,30.0,72,63,9,0.875,1054.7416666666666,108.7,160,0.14,0.205,20,0.128,23,0.163,400.0,353.0,347.0,1046.0,1.75,1.7507236150832082,157,10,71,20,266,402,219,175,192,308,393,165,215,238,262,258,235,333,1,2,2,0,0,0,0,0,0,0,0,0.0,0.0,0,0,0,0,0,0.0,0.0,0.0,0.0,,,,,,8.208955223880597,76.74616695059625,10.625000000000018,32.80099052226093,8.695652173913043,0.0,3.4782608695652173,0.0,4.487179487179487,0.0,1.5705128205128205,,,,15.281501340482572,,,41.66666666666667,12.878787878787879,3.787878787878788,,,Average,Poor,Poor,Poor,Poor,2015-16
2546,Carmelo Anthony,Carmelo,1610612752,NYK,32.0,72,32,40,0.444,2529.8,107.4,458,0.173,0.256,62,0.212,38,0.127,802.0,663.0,694.0,2262.0,5.13,5.129599830794161,157,183,378,286,37,365,25,113,118,106,171,101,258,422,435,438,439,145,1,2,1,1,2,0,0,0,0,0,0,0.0,0.0,0,0,0,0,0,0.0,0.0,0.0,0.0,,,,,,13.805970149253731,24.95741056218058,18.75,18.944981756464696,4.3478260869565215,9.090909090909092,7.1936758893280635,18.181818181818183,31.41025641025641,0.0,18.266317016317018,,,,55.22788203753352,,,8.333333333333332,24.242424242424242,65.15151515151516,,,Poor,Below Average,Average,Poor,Poor,2015-16
202718,Chandler Parsons,Chandler,1610612742,DAL,27.0,61,29,32,0.475,1799.39,105.0,256,0.141,0.209,46,0.185,21,0.175,537.0,489.0,605.0,1582.0,4.99,4.994504675621206,241,215,282,266,144,274,112,173,182,175,242,179,198,305,342,392,330,154,1,8,6,2,5,0,1,2,0,0,1,0.0,0.0,0,0,0,0,0,0.0,0.0,0.0,0.0,,,,,,7.462686567164178,53.91822827938672,33.750000000000036,30.293954524651028,26.08695652173913,18.181818181818183,21.343873517786562,45.45454545454545,21.153846153846153,0.0,25.585664335664337,,,,28.150134048257375,,,32.57575757575758,59.84848484848485,81.06060606060606,,,Below Average,Average,Above Average,Poor,Poor,2015-16
101112,Channing Frye,Channing,1610612739,CLE,33.0,70,35,35,0.5,1199.4066666666668,102.0,199,0.172,0.25,29,0.142,28,0.28,386.0,267.0,292.0,956.0,4.44,4.444057882680549,177,157,322,224,241,139,169,116,127,254,371,139,125,221,211,220,213,180,2,7,7,0,1,0,1,2,0,0,0,0.0,0.0,0,0,0,0,0,0.0,0.0,0.0,0.0,,,,,,10.074626865671641,80.57921635434411,52.500000000000036,45.3575764702891,30.434782608695656,0.0,12.173913043478263,9.090909090909092,10.256410256410255,0.0,7.226107226107226,,,,20.509383378016086,,,75.0,39.015151515151516,25.37878787878788,,,Above Average,Below Average,Below Average,Poor,Poor,2015-16
2547,Chris Bosh,Chris,1610612748,MIA,32.0,53,29,24,0.547,1777.9183333333333,101.0,342,0.188,0.271,36,0.149,34,0.16,557.0,479.0,355.0,1422.0,7.09,7.094433061749625,291,215,185,171,146,104,63,83,100,222,347,115,218,316,339,264,307,71,1,10,8,2,0,0,2,4,0,0,0,0.0,0.0,0,0,0,0,0,0.0,0.0,0.0,0.0,,,,,,12.313432835820896,60.73253833049404,58.750000000000036,40.869261550001276,34.78260869565217,18.181818181818183,24.82213438735178,0.0,14.743589743589745,0.0,5.160256410256411,,,,39.67828418230563,,,66.66666666666666,70.07575757575758,15.909090909090908,,,Average,Above Average,Below Average,Poor,Poor,2015-16
101108,Chris Paul,Chris,1610612746,LAC,31.0,74,50,24,0.676,2420.2383333333332,101.3,271,0.105,0.157,152,0.359,13,0.048,661.0,597.0,562.0,2002.0,9.53,9.533327308224713,135,42,185,74,47,114,97,294,305,6,16,252,392,361,396,366,401,17,1,2,2,0,0,0,0,0,0,0,0,0.0,0.0,0,0,0,0,0,0.0,0.0,0.0,0.0,,,,,,4.477611940298507,36.030664395229984,56.87500000000006,28.62052731444991,8.695652173913043,0.0,3.4782608695652173,0.0,89.1025641025641,0.0,31.185897435897434,,,,30.160857908847184,,,27.27272727272727,12.878787878787879,87.12121212121212,,,Below Average,Poor,Above Average,Poor,Poor,2015-16
203991,Clint Capela,Clint,1610612745,HOU,22.0,77,39,38,0.506,1470.71,102.2,300,0.202,0.309,59,0.187,92,0.517,575.0,426.0,416.0,1316.0,5.43,5.428641125058315,98,123,353,222,195,152,81,58,49,117,239,25,32,322,313,299,284,123,1,11,8,3,3,0,2,4,0,0,0,0.0,0.0,0,0,0,0,0,0.0,0.0,0.0,0.0,,,,,,33.95522388059701,65.24701873935264,51.250000000000014,49.23104611101223,34.78260869565217,27.27272727272727,30.276679841897227,27.27272727272727,29.48717948717949,0.0,21.22960372960373,,,,34.048257372654156,,,87.87878787878788,77.65151515151516,71.96969696969697,,,Above Average,Above Average,Above Average,Poor,Poor,2015-16
202332,Cole Aldrich,Cole,1610612746,LAC,27.0,60,41,19,0.683,799.6366666666667,99.8,202,0.252,0.402,47,0.257,68,0.654,264.0,261.0,209.0,696.0,3.5,3.4980059975986686,253,96,149,69,304,74,166,12,8,167,90,44,10,169,205,163,177,237,1,10,10,0,0,0,2,5,0,0,1,0.0,0.0,0,0,0,0,0,0.0,0.0,0.0,0.0,,,,,,25.0,91.65247018739353,66.25000000000006,58.64086456558775,43.47826086956522,0.0,17.39130434782609,0.0,21.794871794871796,0.0,7.628205128205128,,,,20.91152815013405,,,96.96969696969697,52.65151515151515,27.27272727272727,,,Elite,Average,Below Average,Poor,Poor,2015-16
201147,Corey Brewer,Corey,1610612745,HOU,30.0,82,41,41,0.5,1668.8833333333334,104.0,157,0.09,0.14,84,0.238,19,0.106,688.0,541.0,482.0,1520.0,5.38,5.378035647785932,1,96,391,224,163,230,224,364,348,54,118,195,297,375,372,337,324,127,1,10,4,6,1,0,0,0,0,0,0,0.0,0.0,0,0,0,0,0,0.0,0.0,0.0,0.0,,,,,,6.7164179104477615,56.558773424190804,40.000000000000036,32.48213786264589,17.391304347826086,54.54545454545454,39.68379446640316,9.090909090909092,45.51282051282051,0.0,19.565850815850816,,,,14.87935656836461,,,40.15151515151515,86.74242424242425,68.18181818181817,,,Average,Above Average,Average,Poor,Poor,2015-16
201568,Danilo Gallinari,Danilo,1610612743,DEN,27.0,53,22,31,0.415,1838.7066666666667,107.8,229,0.127,0.182,42,0.143,19,0.111,623.0,438.0,499.0,1656.0,3.54,3.5440546575547387,291,284,265,319,137,382,132,217,238,193,363,195,285,345,318,346,344,233,1,7,5,2,3,2,2,4,0,0,0,0.0,0.0,0,0,0,0,0,0.0,0.0,0.0,0.0,,,,,,6.7164179104477615,50.76660988074957,16.250000000000053,24.51738062244147,21.73913043478261,18.181818181818183,19.604743083003953,27.27272727272727,18.58974358974359,100.0,42.41550116550117,,,,24.53083109919571,,,18.939393939393938,56.81818181818182,90.9090909090909,,,Below Average,Average,Elite,Poor,Poor,2015-16
201980,Danny Green,Danny,1610612759,SAS,29.0,79,65,14,0.823,2061.525,95.7,255,0.121,0.167,79,0.222,64,0.229,528.0,444.0,479.0,1638.0,11.65,11.649088598187923,63,6,104,29,104,22,113,238,274,61,147,48,158,300,322,335,342,6,1,4,3,1,0,0,0,0,0,0,0,0.0,0.0,0,0,0,0,0,0.0,0.0,0.0,0.0,,,,,,23.507462686567166,51.53321976149915,91.87500000000001,50.408361991151565,13.043478260869565,9.090909090909092,10.671936758893281,0.0,42.30769230769231,0.0,14.807692307692307,,,,28.01608579088472,,,90.15151515151516,35.984848484848484,57.95454545454546,,,Elite,Below Average,Average,Poor,Poor,2015-16
201967,Dante Cunningham,Dante,1610612740,NOP,29.0,80,28,52,0.35,1970.9483333333333,109.3,179,0.097,0.134,42,0.132,33,0.231,621.0,389.0,437.0,1796.0,2.85,2.848896340371339,44,237,446,385,120,415,187,328,369,193,390,119,154,343,290,310,368,268,1,5,4,1,1,0,0,0,0,0,0,0.0,0.0,0,0,0,0,0,0.0,0.0,0.0,0.0,,,,,,11.940298507462686,44.804088586030666,6.875000000000053,22.17630040809582,17.391304347826086,9.090909090909092,12.41106719367589,9.090909090909092,18.58974358974359,0.0,10.142773892773892,,,,17.828418230563003,,,12.878787878787879,40.909090909090914,37.5,,,Poor,Average,Below Average,Poor,Poor,2015-16
201589,Darrell Arthur,Darrell,1610612743,DEN,28.0,70,26,44,0.371,1515.9916666666666,104.0,207,0.132,0.201,53,0.218,48,0.327,540.0,416.0,431.0,1248.0,4.74,4.739329028990617,177,258,413,364,189,232,160,203,201,145,158,74,101,308,303,309,273,165,1,9,7,2,1,0,2,4,0,0,0,0.0,0.0,0,0,0,0,0,0.0,0.0,0.0,0.0,,,,,,17.537313432835823,68.14310051107326,40.000000000000036,40.86501055200998,30.434782608695656,18.181818181818183,23.08300395256917,9.090909090909092,25.64102564102564,0.0,12.61072261072261,,,,21.58176943699732,,,65.9090909090909,65.9090909090909,49.621212121212125,,,Average,Average,Average,Poor,Poor,2015-16
101135,David Lee,David,1610612742,DAL,33.0,55,27,28,0.491,902.93,102.4,204,0.218,0.322,22,0.133,28,0.378,336.0,247.0,261.0,766.0,3.4,3.39796934699816,280,247,238,252,285,162,165,38,41,292,384,139,80,200,194,199,186,245,2,15,13,2,5,0,4,11,0,0,0,0.0,0.0,0,0,0,0,0,0.0,0.0,0.0,0.0,,,,,,10.074626865671641,88.67120954003407,50.0,47.564774085280575,56.52173913043478,18.181818181818183,33.51778656126483,45.45454545454545,5.769230769230769,0.0,20.201048951048953,,,,21.179624664879356,,,81.81818181818183,82.1969696969697,70.45454545454545,,,Above Average,Above Average,Above Average,Poor,Poor,2015-16
2561,David West,David,1610612759,SAS,35.0,78,63,15,0.808,1404.2283333333332,95.3,237,0.168,0.237,44,0.17,55,0.362,387.0,315.0,338.0,1160.0,8.25,8.24998889672207,81,10,114,36,208,21,129,124,142,180,281,57,85,223,243,250,259,44,1,4,3,1,1,0,0,0,0,0,0,0.0,0.0,0,0,0,0,0,0.0,0.0,0.0,0.0,,,,,,20.149253731343283,71.89097103918229,94.37500000000006,56.81529135625113,13.043478260869565,9.090909090909092,10.671936758893281,9.090909090909092,19.871794871794872,0.0,10.591491841491841,,,,25.603217158176943,,,96.21212121212122,35.984848484848484,42.04545454545455,,,Elite,Below Average,Average,Poor,Poor,2015-16
201599,DeAndre Jordan,DeAndre,1610612746,LAC,27.0,77,51,26,0.662,2597.681666666667,102.1,792,0.286,0.425,51,0.118,177,0.596,721.0,691.0,640.0,2162.0,9.52,9.52291484506045,98,38,217,82,29,147,2,4,6,160,416,2,18,387,444,414,426,18,1,5,5,0,1,0,3,7,0,0,0,0.0,0.0,0,0,0,0,0,0.0,0.0,0.0,0.0,,,,,,65.67164179104478,29.216354344122657,51.87500000000007,49.46313073686086,21.73913043478261,0.0,8.695652173913045,9.090909090909092,24.358974358974358,0.0,12.16200466200466,,,,100.0,,,88.63636363636364,27.27272727272727,47.72727272727273,,,Above Average,Below Average,Average,Poor,Poor,2015-16
203471,Dennis Schröder,Dennis,1610612737,ATL,22.0,80,47,33,0.588,1620.9583333333333,95.9,179,0.106,0.165,70,0.226,9,0.047,504.0,432.0,350.0,1296.0,9.06,9.056809359870599,44,53,291,128,177,26,187,291,283,81,140,303,395,287,316,261,280,23,1,1,1,0,0,0,0,0,0,0,0,0.0,0.0,0,0,0,0,0,0.0,0.0,0.0,0.0,,,,,,2.9850746268656714,66.09880749574106,90.625,46.984862474255635,4.3478260869565215,0.0,1.7391304347826086,0.0,36.53846153846153,0.0,12.788461538461537,,,,17.828418230563003,,,81.06060606060606,6.4393939393939394,50.75757575757576,,,Above Average,Poor,Average,Poor,Poor,2015-16
101114,Deron Williams,Deron,1610612742,DAL,32.0,65,31,34,0.477,2106.0216666666665,104.8,171,0.079,0.115,61,0.206,14,0.096,669.0,569.0,642.0,1782.0,5.96,5.964738443741319,221,198,307,265,95,268,202,401,417,110,183,244,310,367,388,418,365,104,1,2,1,1,1,0,0,0,0,0,1,0.0,0.0,0,0,0,0,0,0.0,0.0,0.0,0.0,,,,,,4.850746268656716,45.40034071550256,35.00000000000006,26.580417757888593,4.3478260869565215,9.090909090909092,7.1936758893280635,9.090909090909092,30.76923076923077,0.0,14.405594405594405,,,,16.75603217158177,,,21.96969696969697,24.242424242424242,56.81818181818182,,,Below Average,Below Average,Average,Poor,Poor,2015-16
202682,Derrick Williams,Derrick,1610612752,NYK,25.0,80,32,48,0.4,1434.865,105.9,249,0.169,0.256,29,0.159,9,0.065,435.0,379.0,398.0,1348.0,3.66,3.656998113889117,44,183,432,336,203,313,116,123,120,254,311,303,365,251,278,288,289,223,1,3,2,1,1,0,0,0,0,0,0,0.0,0.0,0,0,0,0,0,0.0,0.0,0.0,0.0,,,,,,2.9850746268656714,63.88415672913118,28.125,30.58473470594218,8.695652173913043,9.090909090909092,8.932806324110672,9.090909090909092,10.256410256410255,0.0,7.226107226107226,,,,27.211796246648795,,,34.84848484848485,29.545454545454547,25.37878787878788,,,Below Average,Below Average,Below Average,Poor,Poor,2015-16
2734,Devin Harris,Devin,1610612742,DAL,33.0,64,35,29,0.547,1280.45,102.6,120,0.089,0.137,60,0.294,13,0.118,416.0,367.0,439.0,1066.0,4.74,4.738003174770573,227,157,246,173,226,167,263,365,361,113,48,252,275,246,268,311,241,165,2,8,6,2,3,2,0,0,0,0,1,0.0,0.0,0,0,0,0,0,0.0,0.0,0.0,0.0,,,,,,4.477611940298507,75.89437819420783,48.75000000000007,40.54157714409216,26.08695652173913,18.181818181818183,21.343873517786562,27.27272727272727,30.128205128205128,100.0,46.4539627039627,,,,9.919571045576408,,,64.39393939393939,59.84848484848485,93.18181818181817,,,Average,Average,Elite,Poor,Poor,2015-16
1717,Dirk Nowitzki,Dirk,1610612742,DAL,38.0,75,38,37,0.507,2363.5066666666667,102.7,437,0.182,0.267,52,0.164,52,0.281,691.0,650.0,761.0,1874.0,8.3,8.303447115355075,126,130,343,221,56,173,30,93,104,154,302,63,122,378,429,461,380,43,2,20,14,6,5,0,6,13,0,0,1,0.0,0.0,0,0,0,0,0,0.0,0.0,0.0,0.0,,,,,,19.029850746268657,41.48211243611584,48.125000000000014,34.161929651148014,60.86956521739131,54.54545454545454,57.07509881422925,45.45454545454545,25.0,0.0,26.931818181818183,,,,52.41286863270778,,,45.45454545454545,98.48484848484848,83.33333333333334,,,Average,Elite,Above Average,Poor,Poor,2015-16
203926,Doug McDermott,Doug,1610612741,CHI,24.0,81,41,40,0.506,1860.56,104.6,158,0.08,0.118,14,0.065,6,0.031,652.0,528.0,558.0,1676.0,5.45,5.450635381502878,19,96,378,223,136,258,223,400,408,345,457,340,422,356,366,362,348,122,1,3,2,1,1,0,1,2,0,0,0,0.0,0.0,0,0,0,0,0,0.0,0.0,0.0,0.0,,,,,,1.8656716417910446,49.91482112436116,36.25000000000007,27.27895605024284,8.695652173913043,9.090909090909092,8.932806324110672,9.090909090909092,0.641025641025641,0.0,3.860722610722611,,,,15.013404825737265,,,25.0,29.545454545454547,9.469696969696969,,,Below Average,Below Average,Poor,Poor,Poor,2015-16
203110,Draymond Green,Draymond,1610612744,GSW,26.0,81,73,8,0.901,2807.9983333333334,99.1,635,0.198,0.288,119,0.229,113,0.315,935.0,762.0,833.0,2530.0,13.12,13.119131958813654,19,1,62,10,11,60,5,65,70,17,134,16,106,462,465,470,466,2,2,23,16,7,8,0,3,8,0,0,2,0.0,0.0,0,0,0,0,0,0.0,0.0,0.0,0.0,,,,,,41.7910447761194,13.543441226575808,70.62500000000007,39.11287233974931,69.56521739130434,63.63636363636363,66.00790513833992,72.72727272727273,67.94871794871796,0.0,52.87296037296038,,,,78.9544235924933,,,60.60606060606061,99.24242424242425,96.96969696969697,,,Average,Elite,Elite,Poor,Poor,2015-16
2730,Dwight Howard,Dwight,1610612745,HOU,30.0,71,34,37,0.479,2279.6633333333334,105.6,597,0.261,0.399,69,0.146,113,0.502,963.0,668.0,647.0,2024.0,5.92,5.924384399309383,172,165,343,264,69,297,9,7,11,83,354,16,36,468,436,422,403,106,1,4,3,1,11,0,5,12,0,0,0,0.0,0.0,0,0,0,0,0,0.0,0.0,0.0,0.0,,,,,,41.7910447761194,35.09369676320272,30.00000000000007,36.49921177756873,13.043478260869565,9.090909090909092,10.671936758893281,100.0,35.8974358974359,0.0,52.56410256410256,,,,73.86058981233245,,,53.78787878787878,35.984848484848484,96.21212121212122,,,Average,Below Average,Elite,Poor,Poor,2015-16
203939,Dwight Powell,Dwight,1610612742,DAL,24.0,69,35,34,0.507,991.6283333333333,100.0,189,0.188,0.279,36,0.224,24,0.348,320.0,257.0,324.0,874.0,4.48,4.47522600749795,185,157,307,218,275,79,177,81,84,222,144,159,89,194,201,242,200,178,1,2,2,0,0,0,0,0,0,0,0,0.0,0.0,0,0,0,0,0,0.0,0.0,0.0,0.0,,,,,,8.582089552238806,84.07155025553664,65.00000000000003,49.10787841033335,8.695652173913043,0.0,3.4782608695652173,0.0,14.743589743589745,0.0,5.160256410256411,,,,19.168900804289542,,,87.12121212121212,12.878787878787879,15.909090909090908,,,Above Average,Poor,Below Average,Poor,Poor,2015-16
202734,E'Twaun Moore,E'Twaun,1610612741,CHI,27.0,59,29,30,0.492,1263.1,105.0,114,0.082,0.125,37,0.239,18,0.119,435.0,388.0,387.0,1194.0,3.57,3.5706878661665122,260,215,258,250,231,271,275,391,394,217,114,207,271,251,288,280,265,230,1,6,3,3,0,0,1,2,0,0,0,0.0,0.0,0,0,0,0,0,0.0,0.0,0.0,0.0,,,,,,6.343283582089552,70.44293015332198,33.750000000000036,35.62983898649852,13.043478260869565,27.27272727272727,21.581027667984188,0.0,15.384615384615385,0.0,5.384615384615384,,,,9.115281501340483,,,48.484848484848484,62.878787878787875,18.181818181818183,,,Average,Average,Below Average,Poor,Poor,2015-16
203901,Elfrid Payton,Elfrid,1610612753,ORL,22.0,73,32,41,0.438,2144.92,105.1,184,0.087,0.124,89,0.234,20,0.093,718.0,503.0,610.0,1980.0,5.93,5.9325377701662605,144,183,391,293,90,277,181,374,395,46,126,186,314,385,354,397,397,105,1,4,3,1,1,0,0,0,0,0,0,0.0,0.0,0,0,0,0,0,0.0,0.0,0.0,0.0,,,,,,7.08955223880597,36.96763202725724,33.12500000000007,24.05574210506244,13.043478260869565,9.090909090909092,10.671936758893281,9.090909090909092,48.717948717948715,0.0,20.687645687645684,,,,18.498659517426276,,,15.151515151515152,35.984848484848484,71.21212121212122,,,Below Average,Below Average,Above Average,Poor,Poor,2015-16
1626144,Emmanuel Mudiay,Emmanuel,1610612743,DEN,20.0,68,29,39,0.426,2067.8866666666668,107.9,200,0.097,0.136,65,0.193,35,0.159,725.0,489.0,576.0,1838.0,3.98,3.9837230745146686,191,215,367,303,102,384,168,331,364,95,219,111,219,389,342,375,375,207,1,6,4,2,0,0,0,0,0,0,0,0.0,0.0,0,0,0,0,0,0.0,0.0,0.0,0.0,,,,,,12.686567164179104,43.01533219761499,15.625,24.036243134836887,17.391304347826086,18.181818181818183,17.865612648221344,0.0,33.33333333333333,0.0,11.666666666666664,,,,20.64343163538874,,,14.393939393939394,54.54545454545454,45.45454545454545,,,Poor,Average,Average,Poor,Poor,2015-16
201569,Eric Gordon,Eric,1610612740,NOP,27.0,45,14,31,0.311,1481.3516666666667,105.9,89,0.059,0.086,43,0.186,14,0.089,474.0,371.0,393.0,1268.0,3.74,3.7416460795378725,327,352,265,396,194,309,315,450,465,189,240,244,323,271,272,284,275,218,1,6,2,4,5,0,0,0,0,0,0,0.0,0.0,0,0,0,0,0,0.0,0.0,0.0,0.0,,,,,,4.850746268656716,67.29131175468484,28.125,32.52350762160238,8.695652173913043,36.36363636363637,25.29644268774704,45.45454545454545,19.230769230769234,0.0,24.912587412587413,,,,5.7640750670241285,,,40.909090909090914,72.72727272727273,79.54545454545455,,,Average,Above Average,Above Average,Poor,Poor,2015-16
203095,Evan Fournier,Evan,1610612753,ORL,23.0,79,33,46,0.418,2566.088333333333,107.6,192,0.077,0.113,96,0.206,2,0.008,886.0,609.0,743.0,2350.0,5.06,5.056801647456775,63,170,423,312,31,371,174,410,423,36,182,395,443,448,405,454,452,149,1,4,2,2,4,0,0,0,0,0,3,0.0,0.0,0,0,0,0,0,0.0,0.0,0.0,0.0,,,,,,0.3731343283582089,21.20954003407155,17.50000000000007,11.947592743268345,8.695652173913043,18.181818181818183,14.387351778656127,36.36363636363637,53.205128205128204,0.0,33.167249417249415,,,,19.571045576407506,,,2.272727272727273,45.83333333333333,87.87878787878788,,,Poor,Average,Above Average,Poor,Poor,2015-16
203105,Festus Ezeli,Festus,1610612744,GSW,26.0,46,42,4,0.913,770.1883333333334,96.8,166,0.196,0.287,18,0.125,50,0.521,281.0,171.0,235.0,728.0,4.14,4.135552426767754,322,90,27,7,308,32,209,69,71,319,399,68,30,184,150,183,178,200,2,15,14,1,2,0,0,0,0,0,2,0.0,0.0,0,0,0,0,0,0.0,0.0,0.0,0.0,,,,,,18.28358208955224,90.28960817717207,85.00000000000006,60.16479569783113,60.86956521739131,9.090909090909092,29.802371541501984,18.181818181818183,3.205128205128205,0.0,8.394522144522146,,,,16.0857908847185,,,97.72727272727273,76.51515151515152,30.303030303030305,,,Elite,Above Average,Below Average,Poor,Poor,2015-16
203914,Gary Harris,Gary,1610612743,DEN,21.0,76,31,45,0.408,2438.6366666666668,109.2,166,0.069,0.101,97,0.238,18,0.078,854.0,592.0,653.0,2250.0,3.62,3.624251319042655,109,198,419,328,44,410,209,435,451,33,115,207,349,440,393,426,436,225,1,6,5,1,0,0,0,0,0,0,0,0.0,0.0,0,0,0,0,0,0.0,0.0,0.0,0.0,,,,,,6.343283582089552,25.468483816013627,7.500000000000018,13.326282768440596,21.73913043478261,9.090909090909092,14.1501976284585,0.0,53.84615384615385,0.0,18.846153846153847,,,,16.0857908847185,,,4.545454545454546,43.18181818181818,66.66666666666666,,,Poor,Average,Average,Poor,Poor,2015-16
101123,Gerald Green,Gerald,1610612748,MIA,30.0,69,40,29,0.58,1557.2183333333332,102.9,138,0.085,0.123,38,0.191,19,0.104,486.0,418.0,289.0,1320.0,5.38,5.376074233793527,185,108,246,145,184,177,240,380,397,206,229,195,299,277,306,217,286,127,1,4,3,1,1,0,0,0,0,0,0,0.0,0.0,0,0,0,0,0,0.0,0.0,0.0,0.0,,,,,,6.7164179104477615,65.07666098807495,46.875,37.182148510005334,13.043478260869565,9.090909090909092,10.671936758893281,9.090909090909092,16.025641025641026,0.0,9.245337995337994,,,,12.332439678284182,,,56.060606060606055,35.984848484848484,33.71212121212121,,,Average,Below Average,Below Average,Poor,Poor,2015-16
203476,Gorgui Dieng,Gorgui,1610612750,MIN,26.0,82,29,53,0.354,2220.068333333333,106.5,428,0.196,0.299,94,0.24,96,0.419,789.0,595.0,597.0,2062.0,5.12,5.118428444044588,1,215,450,377,82,332,31,70,58,40,110,23,62,417,395,389,411,147,1,8,7,1,2,0,0,0,0,0,1,0.0,0.0,0,0,0,0,0,0.0,0.0,0.0,0.0,,,,,,35.44776119402985,33.475298126064736,24.375000000000036,31.989208821734607,30.434782608695656,9.090909090909092,17.62845849802372,18.181818181818183,51.92307692307693,0.0,25.445804195804197,,,,51.206434316353885,,,37.121212121212125,53.78787878787878,80.3030303030303,,,Below Average,Average,Above Average,Poor,Poor,2015-16
203084,Harrison Barnes,Harrison,1610612744,GSW,24.0,66,59,7,0.894,2041.5766666666666,101.8,248,0.114,0.167,41,0.116,10,0.041,640.0,560.0,563.0,1914.0,7.68,7.6848501556103725,207,16,49,12,108,134,117,266,275,199,420,286,405,349,383,368,387,56,2,15,11,4,0,1,1,3,0,0,2,0.0,0.0,0,0,0,0,0,0.0,0.0,0.0,0.0,,,,,,3.3582089552238807,39.77853492333901,53.75000000000006,28.70327080525822,47.82608695652174,36.36363636363637,40.948616600790515,0.0,17.94871794871795,50.0,18.78205128205128,,,,27.07774798927614,,,28.78787878787879,89.39393939393939,65.9090909090909,,,Below Average,Above Average,Average,Poor,Poor,2015-16
202355,Hassan Whiteside,Hassan,1610612748,MIA,27.0,73,42,31,0.575,2125.3566666666666,103.5,627,0.282,0.414,44,0.161,269,0.745,687.0,628.0,448.0,1886.0,6.84,6.83678936312205,144,90,265,150,92,205,7,5,7,180,307,1,5,373,418,320,383,82,1,23,23,0,1,0,4,9,0,0,1,0.0,0.0,0,0,0,0,0,0.0,0.0,0.0,0.0,,,,,,100.0,40.971039182282794,43.125000000000036,65.12111371379899,100.0,0.0,40.0,9.090909090909092,19.871794871794872,0.0,10.591491841491841,,,,77.88203753351206,,,100.0,87.87878787878788,42.04545454545455,,,Elite,Above Average,Average,Poor,Poor,2015-16
203138,Hollis Thompson,Hollis,1610612755,PHI,25.0,77,10,67,0.13,2153.85,107.7,218,0.099,0.156,36,0.098,24,0.095,910.0,713.0,750.0,2058.0,4.2,4.198528159639126,98,384,473,455,88,378,145,317,309,222,435,159,311,454,452,456,410,194,1,5,3,2,1,1,0,0,0,0,0,0.0,0.0,0,0,0,0,0,0.0,0.0,0.0,0.0,,,,,,8.582089552238806,33.64565587734242,16.875000000000018,19.427565377965372,13.043478260869565,18.181818181818183,16.126482213438734,9.090909090909092,14.743589743589745,50.0,21.29662004662005,,,,23.056300268096514,,,9.090909090909092,50.75757575757576,72.72727272727273,,,Poor,Average,Above Average,Poor,Poor,2015-16
202697,Iman Shumpert,Iman,1610612739,CLE,26.0,54,39,15,0.722,1316.33,100.4,171,0.127,0.183,54,0.273,19,0.165,413.0,298.0,306.0,1070.0,5.65,5.64704775014502,287,123,114,47,222,90,202,215,235,138,63,195,212,244,232,229,242,112,1,7,5,2,1,0,0,0,0,0,0,0.0,0.0,0,0,0,0,0,0.0,0.0,0.0,0.0,,,,,,6.7164179104477615,75.72402044293015,62.5,44.81497431920466,21.73913043478261,18.181818181818183,19.604743083003953,9.090909090909092,26.282051282051285,0.0,12.835081585081586,,,,16.75603217158177,,,72.72727272727273,56.81818181818182,51.515151515151516,,,Above Average,Average,Average,Poor,Poor,2015-16
202397,Ish Smith,Ish,1610612755,PHI,27.0,77,16,61,0.208,2238.81,108.9,262,0.114,0.174,88,0.24,24,0.094,825.0,698.0,708.0,2146.0,3.52,3.51765170130861,98,339,467,435,80,405,105,267,259,48,111,159,313,433,448,444,420,234,2,10,4,6,7,2,0,0,0,0,4,0.0,0.0,0,0,0,0,0,0.0,0.0,0.0,0.0,,,,,,8.582089552238806,29.89778534923339,9.375,16.24081069312721,17.391304347826086,54.54545454545454,39.68379446640316,63.63636363636363,48.07692307692308,100.0,67.28146853146853,,,,28.9544235924933,,,6.0606060606060606,86.74242424242425,99.24242424242425,,,Poor,Above Average,Elite,Poor,Poor,2015-16
200826,J.J. Barea,J.J.,1610612742,DAL,32.0,74,38,36,0.514,1666.9083333333333,107.0,126,0.075,0.114,26,0.12,2,0.015,492.0,501.0,594.0,1394.0,3.68,3.6818223001914805,135,130,331,210,166,353,257,417,419,267,411,395,437,280,353,387,301,220,2,6,2,4,2,0,1,2,0,0,3,0.0,0.0,0,0,0,0,0,0.0,0.0,0.0,0.0,,,,,,0.3731343283582089,61.925042589437815,21.250000000000036,27.135518637646527,8.695652173913043,36.36363636363637,25.29644268774704,18.181818181818183,8.333333333333332,0.0,10.18939393939394,,,,10.723860589812332,,,23.484848484848484,72.72727272727273,38.63636363636363,,,Below Average,Above Average,Below Average,Poor,Poor,2015-16
200755,JJ Redick,JJ,1610612746,LAC,32.0,75,50,25,0.667,2096.8316666666665,100.5,129,0.057,0.085,42,0.122,5,0.022,547.0,525.0,487.0,1764.0,8.8,8.803987343607409,126,42,201,79,99,92,251,452,466,193,407,348,432,310,365,341,361,28,1,3,3,0,1,0,0,0,0,0,0,0.0,0.0,0,0,0,0,0,0.0,0.0,0.0,0.0,,,,,,1.4925373134328357,46.166950596252136,61.875000000000036,32.22419763406139,13.043478260869565,0.0,5.217391304347826,9.090909090909092,18.58974358974359,0.0,10.142773892773892,,,,11.126005361930295,,,39.39393939393939,17.045454545454543,37.5,,,Below Average,Below Average,Below Average,Poor,Poor,2015-16
2747,JR Smith,JR,1610612739,CLE,30.0,77,53,24,0.688,2361.9883333333332,105.6,174,0.076,0.107,81,0.25,21,0.12,749.0,566.0,577.0,2086.0,6.14,6.137542698181786,98,31,185,61,58,298,197,416,443,56,95,179,270,400,385,377,414,100,1,0,0,0,2,0,0,0,0,0,1,0.0,0.0,0,0,0,0,0,0.0,0.0,0.0,0.0,,,,,,7.462686567164178,32.453151618398635,30.00000000000007,21.84367769330521,0.0,0.0,0.0,18.181818181818183,43.58974358974359,0.0,22.52913752913753,,,,17.158176943699733,,,12.121212121212121,1.5151515151515151,76.51515151515152,,,Poor,Poor,Above Average,Poor,Poor,2015-16
203960,JaKarr Sampson,JaKarr,1610612743,DEN,23.0,73,18,55,0.247,1159.7316666666666,105.3,144,0.118,0.176,23,0.127,33,0.208,446.0,312.0,354.0,1060.0,3.23,3.2299360255110474,144,316,456,416,249,287,236,247,255,288,397,119,172,261,242,263,239,253,1,9,7,2,0,0,0,0,0,0,1,0.0,0.0,0,0,0,0,0,0.0,0.0,0.0,0.0,,,,,,11.940298507462686,76.14991482112437,31.875000000000053,39.397339590378614,30.434782608695656,18.181818181818183,23.08300395256917,0.0,6.41025641025641,0.0,2.243589743589743,,,,13.136729222520108,,,61.36363636363637,65.9090909090909,5.303030303030303,,,Average,Average,Poor,Poor,Poor,2015-16
1626143,Jahlil Okafor,Jahlil,1610612755,PHI,20.0,53,6,47,0.113,1590.565,108.4,251,0.16,0.238,22,0.094,61,0.295,724.0,457.0,588.0,1498.0,2.68,2.6768436349474967,291,416,429,464,183,398,115,134,140,292,442,51,117,388,332,383,322,277,1,14,13,1,1,0,4,8,0,0,1,0.0,0.0,0,0,0,0,0,0.0,0.0,0.0,0.0,,,,,,22.388059701492537,57.49574105621805,12.5,32.20373325027333,56.52173913043478,9.090909090909092,28.063241106719367,9.090909090909092,5.769230769230769,0.0,5.655594405594406,,,,27.479892761394105,,,38.63636363636363,74.24242424242425,20.075757575757574,,,Below Average,Above Average,Below Average,Poor,Poor,2015-16
2037,Jamal Crawford,Jamal,1610612746,LAC,36.0,79,51,28,0.646,2126.15,102.8,125,0.058,0.092,52,0.127,12,0.046,699.0,656.0,562.0,1800.0,7.38,7.376166235323066,63,38,238,92,91,176,258,451,461,154,396,265,396,380,432,366,369,65,1,1,1,0,3,0,0,0,0,0,1,0.0,0.0,0,0,0,0,0,0.0,0.0,0.0,0.0,,,,,,4.104477611940299,44.63373083475298,47.50000000000006,29.138596836939676,4.3478260869565215,0.0,1.7391304347826086,27.27272727272727,25.0,0.0,19.659090909090907,,,,10.589812332439678,,,30.303030303030305,6.4393939393939394,69.6969696969697,,,Below Average,Poor,Average,Poor,Poor,2015-16
201935,James Harden,James,1610612745,HOU,26.0,82,41,41,0.5,3124.635,106.9,438,0.14,0.214,139,0.215,51,0.152,1256.0,924.0,956.0,2848.0,6.79,6.786825422052052,1,96,391,224,1,348,29,177,166,12,164,65,227,476,476,476,476,86,1,21,10,11,4,0,1,2,0,0,1,0.0,0.0,0,0,0,0,0,0.0,0.0,0.0,0.0,,,,,,18.65671641791045,0.0,21.875,12.93143656716418,43.47826086956522,100.0,77.3913043478261,36.36363636363637,80.76923076923077,0.0,42.81468531468532,,,,52.54691689008043,,,3.787878787878788,100.0,91.66666666666666,,,Poor,Elite,Elite,Poor,Poor,2015-16
201160,Jason Smith,Jason,1610612753,ORL,30.0,76,33,43,0.434,1180.8616666666667,103.0,166,0.144,0.21,33,0.168,65,0.492,372.0,259.0,300.0,1034.0,4.08,4.076580412400079,109,170,409,297,243,184,209,167,179,235,285,47,42,217,203,224,233,203,1,2,2,0,0,0,0,0,0,0,0,0.0,0.0,0,0,0,0,0,0.0,0.0,0.0,0.0,,,,,,23.88059701492537,77.2572402044293,46.250000000000036,48.15477287752041,8.695652173913043,0.0,3.4782608695652173,0.0,12.82051282051282,0.0,4.487179487179486,,,,16.0857908847185,,,83.33333333333334,12.878787878787879,12.878787878787879,,,Above Average,Poor,Poor,Poor,Poor,2015-16
1891,Jason Terry,Jason,1610612745,HOU,38.0,72,37,35,0.514,1257.7016666666666,106.9,65,0.052,0.08,47,0.183,9,0.074,514.0,370.0,370.0,1154.0,2.77,2.7748791537518307,157,139,322,209,233,343,349,456,467,167,249,303,351,292,270,268,257,272,1,8,0,8,0,0,0,0,0,0,0,0.0,0.0,0,0,0,0,0,0.0,0.0,0.0,0.0,,,,,,2.9850746268656714,72.1465076660988,21.875,31.914057533880847,0.0,72.72727272727273,43.63636363636364,0.0,21.794871794871796,0.0,7.628205128205128,,,,2.546916890080429,,,36.36363636363637,91.66666666666666,27.27272727272727,,,Below Average,Elite,Below Average,Poor,Poor,2015-16
201952,Jeff Teague,Jeff,1610612737,ATL,28.0,79,47,32,0.595,2254.701666666667,102.1,181,0.074,0.113,97,0.228,24,0.081,759.0,645.0,614.0,1990.0,8.41,8.406551397697857,63,53,282,119,77,141,183,423,427,33,135,159,344,405,428,399,400,36,2,6,3,3,1,0,1,2,0,0,0,0.0,0.0,0,0,0,0,0,0.0,0.0,0.0,0.0,,,,,,8.582089552238806,36.54173764906303,51.87500000000007,29.1911939980676,13.043478260869565,27.27272727272727,21.581027667984188,9.090909090909092,53.84615384615385,0.0,22.482517482517483,,,,18.096514745308312,,,31.060606060606062,62.878787878787875,75.75757575757575,,,Below Average,Average,Above Average,Poor,Poor,2015-16
1626170,Jerian Grant,Jerian,1610612752,NYK,23.0,76,29,47,0.382,1264.7733333333333,103.9,120,0.091,0.142,50,0.286,10,0.07,404.0,350.0,283.0,1132.0,4.05,4.05012633894534,109,215,429,358,230,221,263,353,344,161,54,286,356,240,260,214,253,204,1,6,6,0,1,0,0,0,0,0,1,0.0,0.0,0,0,0,0,0,0.0,0.0,0.0,0.0,,,,,,3.3582089552238807,73.08347529812606,40.625,37.07874993643367,26.08695652173913,0.0,10.434782608695652,9.090909090909092,23.717948717948715,0.0,11.937645687645686,,,,9.919571045576408,,,55.3030303030303,32.57575757575758,46.21212121212121,,,Average,Below Average,Average,Poor,Poor,2015-16
202710,Jimmy Butler III,Jimmy,1610612741,CHI,26.0,67,37,30,0.552,2473.625,104.5,279,0.103,0.158,110,0.326,43,0.136,774.0,754.0,684.0,2242.0,7.23,7.228254255099037,200,139,258,167,41,251,93,301,302,23,27,82,246,409,463,435,435,67,1,8,4,4,4,0,1,2,0,0,3,0.0,0.0,0,0,0,0,0,0.0,0.0,0.0,0.0,,,,,,15.671641791044777,25.809199318568993,36.875000000000036,24.52062647791707,17.391304347826086,36.36363636363637,28.774703557312254,36.36363636363637,62.17948717948718,0.0,36.30827505827506,,,,31.233243967828418,,,19.696969696969695,75.37878787878788,89.39393939393939,,,Below Average,Above Average,Above Average,Poor,Poor,2015-16
203613,Jonathon Simmons,Jonathon,1610612759,SAS,26.0,55,47,8,0.855,812.83,101.0,80,0.099,0.142,24,0.2,5,0.057,279.0,213.0,227.0,770.0,3.36,3.3569743151673745,280,53,62,22,302,103,324,315,342,283,197,348,378,181,176,181,188,248,1,2,1,1,0,0,0,0,0,0,2,0.0,0.0,0,0,0,0,0,0.0,0.0,0.0,0.0,,,,,,1.4925373134328357,88.50085178875638,58.750000000000036,46.259813051437874,4.3478260869565215,9.090909090909092,7.1936758893280635,0.0,7.051282051282051,0.0,2.4679487179487176,,,,4.557640750670242,,,80.3030303030303,24.242424242424242,6.0606060606060606,,,Above Average,Below Average,Poor,Poor,Poor,2015-16
101181,Jose Calderon,Jose,1610612752,NYK,34.0,72,29,43,0.403,2023.8383333333334,107.2,207,0.098,0.143,63,0.296,7,0.026,684.0,515.0,592.0,1820.0,4.25,4.248991553474894,157,215,409,333,112,358,160,324,338,101,46,322,428,372,359,386,372,192,1,4,2,2,4,0,0,0,0,0,2,0.0,0.0,0,0,0,0,0,0.0,0.0,0.0,0.0,,,,,,2.2388059701492535,43.781942078364565,20.000000000000018,21.219202115487303,8.695652173913043,18.181818181818183,14.387351778656127,36.36363636363637,32.05128205128205,0.0,25.763403263403262,,,,21.58176943699732,,,10.606060606060606,45.83333333333333,81.81818181818183,,,Poor,Average,Above Average,Poor,Poor,2015-16
1626196,Josh Richardson,Josh,1610612748,MIA,22.0,52,29,23,0.558,1106.95,102.5,86,0.075,0.111,36,0.22,25,0.169,390.0,306.0,245.0,926.0,3.94,3.942450394664043,299,215,179,165,255,166,318,419,432,222,153,155,205,228,235,191,207,210,1,3,3,0,1,0,0,0,0,0,0,0.0,0.0,0,0,0,0,0,0.0,0.0,0.0,0.0,,,,,,8.955223880597014,81.85689948892674,49.375000000000036,44.575754373363175,13.043478260869565,0.0,5.217391304347826,9.090909090909092,14.743589743589745,0.0,8.796620046620047,,,,5.361930294906166,,,71.96969696969697,17.045454545454543,31.060606060606062,,,Above Average,Below Average,Below Average,Poor,Poor,2015-16
1626147,Justin Anderson,Justin,1610612742,DAL,22.0,55,28,27,0.509,646.8766666666667,99.3,114,0.167,0.235,19,0.213,25,0.352,187.0,153.0,219.0,500.0,3.06,3.059451847425976,280,237,229,216,329,61,275,128,145,313,169,155,87,131,141,173,134,258,2,7,4,3,3,0,0,0,0,0,0,0.0,0.0,0,0,0,0,0,0.0,0.0,0.0,0.0,,,,,,8.955223880597014,100.0,69.37500000000006,55.92583955223882,17.391304347826086,27.27272727272727,23.320158102766793,27.27272727272727,3.8461538461538463,0.0,12.255244755244755,,,,9.115281501340483,,,94.6969696969697,67.8030303030303,48.484848484848484,,,Elite,Average,Average,Poor,Poor,2015-16
203200,Justin Holiday,Justin,1610612741,CHI,27.0,53,28,25,0.528,772.5866666666667,104.5,78,0.098,0.147,32,0.258,19,0.253,291.0,196.0,242.0,682.0,2.33,2.332134025082289,291,237,201,196,307,254,331,325,326,241,87,195,136,189,168,187,173,297,1,1,1,0,0,0,0,0,0,0,0,0.0,0.0,0,0,0,0,0,0.0,0.0,0.0,0.0,,,,,,6.7164179104477615,92.24872231686541,36.875000000000036,44.192369975082,4.3478260869565215,0.0,1.7391304347826086,0.0,12.179487179487179,0.0,4.262820512820512,,,,4.289544235924933,,,71.21212121212122,6.4393939393939394,10.984848484848484,,,Above Average,Poor,Poor,Poor,Poor,2015-16
1626159,Justise Winslow,Justise,1610612748,MIA,20.0,78,46,32,0.59,2232.135,100.3,322,0.14,0.201,68,0.199,26,0.088,735.0,556.0,444.0,1858.0,9.54,9.540339673490172,81,65,282,125,81,85,72,176,200,88,207,149,325,395,380,317,378,16,1,5,3,2,1,0,1,2,0,0,2,0.0,0.0,0,0,0,0,0,0.0,0.0,0.0,0.0,,,,,,9.328358208955224,42.16354344122657,63.12500000000006,34.2698334880114,13.043478260869565,18.181818181818183,16.126482213438734,9.090909090909092,35.256410256410255,0.0,15.976107226107226,,,,36.99731903485255,,,46.96969696969697,50.75757575757576,59.09090909090909,,,Average,Average,Average,Poor,Poor,2015-16
1626157,Karl-Anthony Towns,Karl-Anthony,1610612750,MIN,20.0,82,29,53,0.354,2626.485,109.3,629,0.242,0.367,58,0.132,138,0.515,928.0,742.0,750.0,2498.0,3.83,3.829455135686635,1,215,450,377,28,413,6,21,14,122,389,6,33,459,458,456,464,213,1,15,11,4,1,0,1,2,0,0,1,0.0,0.0,0,0,0,0,0,0.0,0.0,0.0,0.0,,,,,,51.11940298507462,14.906303236797275,6.875000000000053,27.38371732690891,47.82608695652174,36.36363636363637,40.948616600790515,9.090909090909092,28.846153846153843,0.0,13.732517482517482,,,,78.15013404825737,,,25.757575757575758,89.39393939393939,52.27272727272727,,,Below Average,Above Average,Average,Poor,Poor,2015-16
202702,Kenneth Faried,Kenneth,1610612743,DEN,26.0,67,26,41,0.388,1694.4516666666666,110.0,346,0.21,0.295,32,0.124,60,0.337,600.0,385.0,462.0,1558.0,2.09,2.087871312787188,200,258,391,352,157,423,62,43,59,241,404,52,91,333,285,327,328,316,1,4,4,0,0,0,3,6,0,0,0,0.0,0.0,0,0,0,0,0,0.0,0.0,0.0,0.0,,,,,,22.01492537313433,54.94037478705282,2.5000000000000355,28.660101324722227,17.391304347826086,0.0,6.956521739130435,0.0,12.179487179487179,0.0,4.262820512820512,,,,40.21447721179624,,,28.030303030303028,20.075757575757574,10.984848484848484,,,Below Average,Below Average,Poor,Poor,Poor,2015-16
203145,Kent Bazemore,Kent,1610612737,ATL,26.0,75,44,31,0.587,2082.7966666666666,100.6,351,0.156,0.24,98,0.249,38,0.138,689.0,619.0,559.0,1780.0,8.8,8.795963264412663,126,72,265,129,101,95,58,141,137,32,101,101,242,376,415,364,364,28,2,15,9,6,9,0,0,0,0,0,2,0.0,0.0,0,0,0,0,0,0.0,0.0,0.0,0.0,,,,,,13.805970149253731,45.4855195911414,61.25000000000007,36.754819916600994,39.130434782608695,54.54545454545454,48.379446640316196,81.81818181818183,54.48717948717948,0.0,51.79778554778555,,,,40.88471849865952,,,54.54545454545454,94.31818181818183,94.6969696969697,,,Average,Elite,Elite,Poor,Poor,2015-16
201567,Kevin Love,Kevin,1610612739,CLE,27.0,77,53,24,0.688,2424.395,103.6,613,0.258,0.363,58,0.176,41,0.229,784.0,557.0,614.0,2112.0,7.76,7.764583868245806,98,31,185,61,45,210,8,9,16,122,263,89,159,415,381,399,416,54,1,7,6,1,0,0,1,2,0,0,0,0.0,0.0,0,0,0,0,0,0.0,0.0,0.0,0.0,,,,,,14.925373134328357,31.3458262350937,42.50000000000007,27.566188436014155,26.08695652173913,9.090909090909092,15.889328063241107,0.0,28.846153846153843,0.0,10.096153846153845,,,,76.0053619302949,,,26.515151515151516,49.24242424242424,35.984848484848484,,,Below Average,Average,Below Average,Poor,Poor,2015-16
2550,Kirk Hinrich,Kirk,1610612737,ATL,35.0,46,26,20,0.565,630.9983333333333,98.5,62,0.093,0.142,15,0.158,2,0.03,202.0,189.0,145.0,540.0,2.99,2.9879487401814355,322,258,155,159,332,53,352,344,345,339,315,395,424,141,163,128,141,263,1,13,7,6,2,0,0,0,0,0,0,0.0,0.0,0,0,0,0,0,0.0,0.0,0.0,0.0,,,,,,0.3731343283582089,98.29642248722317,74.37500000000003,53.1467516018714,30.434782608695656,54.54545454545454,44.901185770750985,18.181818181818183,1.282051282051282,0.0,7.721445221445222,,,,2.1447721179624666,,,93.18181818181817,92.42424242424242,28.78787878787879,,,Elite,Elite,Below Average,Poor,Poor,2015-16
202691,Klay Thompson,Klay,1610612744,GSW,26.0,80,71,9,0.888,2666.415,101.3,271,0.09,0.132,60,0.131,49,0.143,932.0,751.0,779.0,2504.0,10.5,10.498255311751485,44,2,71,16,22,115,97,360,375,113,391,71,237,461,462,465,465,9,2,18,13,5,2,0,0,0,0,0,1,0.0,0.0,0,0,0,0,0,0.0,0.0,0.0,0.0,,,,,,17.91044776119403,14.65076660988075,56.87500000000006,26.510697417935887,56.52173913043478,45.45454545454545,49.88142292490119,18.181818181818183,30.128205128205128,0.0,17.81759906759907,,,,30.160857908847184,,,21.21212121212121,95.45454545454545,62.5,,,Below Average,Elite,Average,Poor,Poor,2015-16
204001,Kristaps Porziņģis,Kristaps,1610612752,NYK,20.0,72,28,44,0.389,2046.4616666666666,104.3,394,0.184,0.269,53,0.218,134,0.519,631.0,515.0,483.0,1776.0,6.14,6.140089662381569,157,237,413,350,106,245,41,88,101,145,158,8,31,347,359,339,363,100,1,12,9,3,0,0,4,9,0,0,1,0.0,0.0,0,0,0,0,0,0.0,0.0,0.0,0.0,,,,,,49.62686567164179,45.65587734241908,38.12500000000006,45.36155333850341,39.130434782608695,27.27272727272727,32.01581027667984,0.0,25.64102564102564,0.0,8.974358974358973,,,,46.64879356568365,,,75.75757575757575,78.78787878787878,31.818181818181817,,,Above Average,Above Average,Below Average,Poor,Poor,2015-16
203937,Kyle Anderson,Kyle,1610612759,SAS,22.0,78,64,14,0.821,1245.0616666666667,97.5,219,0.179,0.261,60,0.269,29,0.197,349.0,286.0,308.0,1062.0,6.39,6.391082253970323,81,7,104,30,235,40,143,98,113,113,71,131,179,209,223,232,240,93,1,0,0,0,0,0,0,0,0,0,1,0.0,0.0,0,0,0,0,0,0.0,0.0,0.0,0.0,,,,,,10.44776119402985,76.06473594548552,80.62500000000003,50.95801205853188,0.0,0.0,0.0,0.0,30.128205128205128,0.0,10.544871794871794,,,,23.19034852546917,,,90.9090909090909,1.5151515151515151,40.15151515151515,,,Elite,Poor,Average,Poor,Poor,2015-16
2594,Kyle Korver,Kyle,1610612737,ATL,35.0,80,46,34,0.575,2400.665,98.3,246,0.096,0.145,60,0.137,35,0.113,779.0,651.0,613.0,2028.0,11.7,11.70065450012367,44,65,307,152,50,52,120,334,333,113,379,111,283,412,430,398,405,5,2,13,8,5,2,0,0,0,0,0,1,0.0,0.0,0,0,0,0,0,0.0,0.0,0.0,0.0,,,,,,12.686567164179104,34.923339011925044,75.62500000000006,36.20404551984542,34.78260869565217,45.45454545454545,41.18577075098814,18.181818181818183,30.128205128205128,0.0,17.81759906759907,,,,26.80965147453083,,,51.515151515151516,90.9090909090909,62.5,,,Average,Elite,Average,Poor,Poor,2015-16
203124,Kyle O'Quinn,Kyle,1610612752,NYK,26.0,65,26,39,0.4,764.2883333333333,103.8,174,0.208,0.323,20,0.215,49,0.583,242.0,234.0,218.0,660.0,2.45,2.453280159581898,221,258,367,336,310,219,197,49,40,308,166,71,21,160,188,172,167,289,1,1,1,0,1,0,1,2,0,0,0,0.0,0.0,0,0,0,0,0,0.0,0.0,0.0,0.0,,,,,,17.91044776119403,93.18568994889267,41.25000000000006,50.09167058659006,4.3478260869565215,0.0,1.7391304347826086,9.090909090909092,4.487179487179487,0.0,5.206876456876457,,,,17.158176943699733,,,89.39393939393939,6.4393939393939394,17.424242424242426,,,Above Average,Poor,Below Average,Poor,Poor,2015-16
202681,Kyrie Irving,Kyrie,1610612739,CLE,24.0,53,37,16,0.698,1667.3733333333332,105.8,113,0.071,0.1,56,0.242,18,0.131,496.0,384.0,440.0,1556.0,4.23,4.228405583236548,291,139,126,57,164,306,278,432,456,133,107,207,253,283,283,314,327,193,1,4,2,2,0,0,0,0,0,0,0,0.0,0.0,0,0,0,0,0,0.0,0.0,0.0,0.0,,,,,,6.343283582089552,55.02555366269165,28.750000000000053,28.98375721477791,8.695652173913043,18.181818181818183,14.387351778656127,0.0,27.564102564102566,0.0,9.647435897435898,,,,8.981233243967829,,,29.545454545454547,45.83333333333333,34.84848484848485,,,Below Average,Average,Below Average,Poor,Poor,2015-16
200746,LaMarcus Aldridge,LaMarcus,1610612759,SAS,30.0,74,61,13,0.824,2260.86,97.9,456,0.199,0.279,38,0.101,81,0.273,580.0,483.0,576.0,1864.0,11.2,11.198275039628939,135,13,98,28,73,46,26,64,83,206,430,33,128,327,340,375,379,7,1,5,4,1,1,0,1,2,0,0,0,0.0,0.0,0,0,0,0,0,0.0,0.0,0.0,0.0,,,,,,29.850746268656714,41.90800681431005,78.125,46.1393508924712,17.391304347826086,9.090909090909092,12.41106719367589,9.090909090909092,16.025641025641026,0.0,9.245337995337994,,,,54.95978552278821,,,79.54545454545455,40.909090909090914,33.71212121212121,,,Above Average,Average,Below Average,Poor,Poor,2015-16
202498,Lance Thomas,Lance,1610612752,NYK,28.0,59,25,34,0.424,1313.39,103.5,97,0.069,0.106,22,0.133,7,0.049,474.0,359.0,361.0,1236.0,4.37,4.372123392429735,260,265,307,306,223,202,300,437,447,292,386,322,391,271,264,265,272,185,1,4,4,0,1,0,0,0,0,0,3,0.0,0.0,0,0,0,0,0,0.0,0.0,0.0,0.0,,,,,,2.2388059701492535,68.6541737649063,43.125000000000036,35.705733205776916,17.391304347826086,0.0,6.956521739130435,9.090909090909092,5.769230769230769,0.0,5.655594405594406,,,,6.8364611260053625,,,49.24242424242424,20.075757575757574,20.075757575757574,,,Average,Below Average,Below Average,Poor,Poor,2015-16
204038,Langston Galloway,Langston,1610612752,NYK,24.0,82,32,50,0.39,2033.2983333333334,103.4,245,0.115,0.172,77,0.287,22,0.102,618.0,535.0,495.0,1764.0,6.8,6.7967945587962495,1,183,440,348,111,195,121,262,265,68,53,173,302,341,371,344,361,85,1,8,4,4,0,0,1,2,0,0,0,0.0,0.0,0,0,0,0,0,0.0,0.0,0.0,0.0,,,,,,7.835820895522389,46.166950596252136,43.75,30.2302610668972,17.391304347826086,36.36363636363637,28.774703557312254,0.0,41.02564102564102,0.0,14.358974358974356,,,,26.675603217158177,,,31.818181818181817,75.37878787878788,56.060606060606055,,,Below Average,Above Average,Average,Poor,Poor,2015-16
2571,Leandro Barbosa,Leandro,1610612744,GSW,33.0,68,60,8,0.882,1079.205,103.4,89,0.079,0.117,44,0.221,10,0.071,348.0,316.0,325.0,986.0,3.58,3.580822242666008,191,14,62,19,261,196,315,403,413,180,150,286,354,207,244,243,222,228,2,1,1,0,2,0,0,0,0,0,4,0.0,0.0,0,0,0,0,0,0.0,0.0,0.0,0.0,,,,,,3.3582089552238807,79.3015332197615,43.75,40.03632020900608,4.3478260869565215,0.0,1.7391304347826086,18.181818181818183,19.871794871794872,0.0,14.227855477855478,,,,5.7640750670241285,,,62.121212121212125,6.4393939393939394,55.3030303030303,,,Average,Poor,Average,Poor,Poor,2015-16
201601,Luc Mbah a Moute,Luc,1610612746,LAC,29.0,75,49,26,0.653,1273.835,98.6,111,0.081,0.118,44,0.205,19,0.167,346.0,310.0,300.0,1032.0,6.1,6.100317848512043,126,46,217,87,228,54,282,395,407,180,188,195,208,205,239,224,232,102,1,2,1,1,1,0,0,0,0,0,0,0.0,0.0,0,0,0,0,0,0.0,0.0,0.0,0.0,,,,,,6.7164179104477615,77.34241908006815,73.75000000000007,48.193913842202974,4.3478260869565215,9.090909090909092,7.1936758893280635,9.090909090909092,19.871794871794872,0.0,10.591491841491841,,,,8.713136729222521,,,84.84848484848484,24.242424242424242,42.04545454545455,,,Above Average,Below Average,Average,Poor,Poor,2015-16
2736,Luol Deng,Luol,1610612748,MIA,31.0,74,45,29,0.608,2393.9183333333335,103.9,335,0.139,0.199,74,0.216,29,0.086,748.0,611.0,608.0,2186.0,7.63,7.629878901224424,135,69,246,113,51,223,67,181,206,72,162,131,329,399,407,395,429,58,1,6,3,3,1,0,1,2,0,0,0,0.0,0.0,0,0,0,0,0,0.0,0.0,0.0,0.0,,,,,,10.44776119402985,28.19420783645656,40.625,24.203327220371733,13.043478260869565,27.27272727272727,21.581027667984188,9.090909090909092,39.1025641025641,0.0,17.32226107226107,,,,38.73994638069705,,,17.424242424242426,62.878787878787875,60.60606060606061,,,Below Average,Average,Average,Poor,Poor,2015-16
1626209,Mario Hezonja,Mario,1610612753,ORL,21.0,79,33,46,0.418,1412.8533333333332,102.7,148,0.108,0.156,39,0.17,17,0.113,435.0,307.0,338.0,1288.0,5.0,4.998085292442084,63,170,423,312,205,174,234,286,307,201,283,217,282,251,236,250,279,153,1,4,2,2,0,0,0,0,0,0,0,0.0,0.0,0,0,0,0,0,0.0,0.0,0.0,0.0,,,,,,5.970149253731343,66.43952299829643,48.125000000000014,37.67314275089629,8.695652173913043,18.181818181818183,14.387351778656127,0.0,16.666666666666664,0.0,5.833333333333332,,,,13.672922252010725,,,57.57575757575758,45.83333333333333,21.59090909090909,,,Average,Average,Below Average,Poor,Poor,2015-16
201578,Marreese Speights,Marreese,1610612744,GSW,28.0,72,64,8,0.889,832.4166666666666,104.1,162,0.182,0.279,19,0.143,34,0.333,279.0,269.0,255.0,824.0,2.54,2.5403581730436415,157,7,62,15,299,238,215,92,86,313,364,115,92,181,212,195,196,284,2,15,12,3,0,1,1,2,0,0,0,0.0,0.0,0,0,0,0,0,0.0,0.0,0.0,0.0,,,,,,12.313432835820896,86.20102214650767,39.37500000000007,44.93948088560606,52.17391304347826,27.27272727272727,37.233201581027664,0.0,3.8461538461538463,50.0,13.846153846153847,,,,15.549597855227882,,,73.48484848484848,83.33333333333334,54.54545454545454,,,Above Average,Above Average,Average,Poor,Poor,2015-16
203521,Matthew Dellavedova,Matthew,1610612739,CLE,25.0,76,54,22,0.711,1867.3333333333333,99.7,129,0.068,0.097,44,0.164,9,0.063,578.0,417.0,384.0,1444.0,8.31,8.310954580341448,109,25,165,52,133,72,251,441,458,180,301,303,369,324,305,275,313,42,1,5,3,2,1,0,1,3,0,0,0,0.0,0.0,0,0,0,0,0,0.0,0.0,0.0,0.0,,,,,,2.9850746268656714,59.79557069846678,66.87500000000001,38.84122959520964,13.043478260869565,18.181818181818183,16.126482213438734,9.090909090909092,19.871794871794872,0.0,10.591491841491841,,,,11.126005361930295,,,59.84848484848485,50.75757575757576,42.04545454545455,,,Average,Average,Average,Poor,Poor,2015-16
203488,Mike Muscala,Mike,1610612737,ATL,24.0,60,34,26,0.567,564.8916666666667,100.5,79,0.138,0.21,13,0.114,27,0.403,198.0,138.0,134.0,512.0,2.37,2.3713723394275052,253,165,217,158,343,94,329,183,180,353,423,144,71,139,126,122,136,293,1,3,2,1,0,0,1,3,0,0,0,0.0,0.0,0,0,0,0,0,0.0,0.0,0.0,0.0,,,,,,9.701492537313433,99.48892674616695,61.875000000000036,54.17047137608381,8.695652173913043,9.090909090909092,8.932806324110672,0.0,0.0,0.0,0.0,,,,4.423592493297587,,,93.93939393939394,29.545454545454547,0.7575757575757576,,,Elite,Below Average,Poor,Poor,Poor,2015-16
203118,Mike Scott,Mike,1610612737,ATL,27.0,75,46,29,0.613,1146.2233333333334,94.4,153,0.126,0.19,25,0.116,17,0.148,382.0,262.0,246.0,912.0,7.06,7.055320661706806,126,65,246,111,250,15,229,221,224,276,419,217,232,219,208,192,205,72,2,6,3,3,1,0,0,0,0,0,1,0.0,0.0,0,0,0,0,0,0.0,0.0,0.0,0.0,,,,,,5.970149253731343,82.45315161839864,100.0,56.24666276793206,13.043478260869565,27.27272727272727,21.581027667984188,9.090909090909092,7.6923076923076925,0.0,6.328671328671328,,,,14.343163538873997,,,95.45454545454545,62.878787878787875,24.242424242424242,,,Elite,Average,Below Average,Poor,Poor,2015-16
202357,Nemanja Bjelica,Nemanja,1610612750,MIN,28.0,60,20,40,0.333,1074.8033333333333,107.6,161,0.156,0.233,26,0.157,21,0.239,443.0,256.0,276.0,968.0,2.17,2.167498691806221,253,303,378,390,262,370,216,142,149,267,319,179,148,259,199,212,217,309,1,5,4,1,3,0,1,3,0,0,1,0.0,0.0,0,0,0,0,0,0.0,0.0,0.0,0.0,,,,,,7.462686567164178,80.06814310051107,17.50000000000007,35.38392471204456,17.391304347826086,9.090909090909092,12.41106719367589,27.27272727272727,8.333333333333332,0.0,13.825757575757574,,,,15.415549597855227,,,47.72727272727273,40.909090909090914,53.40909090909091,,,Average,Average,Average,Poor,Poor,2015-16
203457,Nerlens Noel,Nerlens,1610612755,PHI,22.0,67,10,57,0.149,1965.245,106.3,388,0.195,0.302,118,0.326,100,0.403,875.0,599.0,711.0,1834.0,4.69,4.688680297228892,200,384,461,445,122,326,44,73,55,19,28,22,70,445,399,445,374,169,1,10,10,0,2,0,0,0,0,0,1,0.0,0.0,0,0,0,0,0,0.0,0.0,0.0,0.0,,,,,,36.940298507462686,43.18568994889267,25.625000000000053,36.297360885097525,43.47826086956522,0.0,17.39130434782609,18.181818181818183,67.3076923076923,0.0,30.83041958041958,,,,45.84450402144772,,,53.03030303030303,52.65151515151515,86.36363636363636,,,Average,Average,Above Average,Poor,Poor,2015-16
203917,Nik Stauskas,Nik,1610612755,PHI,22.0,73,8,65,0.11,1809.05,107.5,160,0.089,0.135,44,0.147,20,0.087,741.0,530.0,639.0,1726.0,3.66,3.6590382702399324,144,402,472,465,141,368,219,366,367,180,351,186,328,397,368,413,356,223,1,14,8,6,0,1,0,0,0,0,0,0.0,0.0,0,0,0,0,0,0.0,0.0,0.0,0.0,,,,,,7.08955223880597,47.785349233390114,18.125000000000036,24.091943127208935,34.78260869565217,54.54545454545454,46.64031620553359,0.0,19.871794871794872,50.0,19.455128205128204,,,,15.281501340482572,,,15.909090909090908,93.18181818181817,67.42424242424242,,,Below Average,Elite,Average,Poor,Poor,2015-16
203999,Nikola Jokić,Nikola,1610612743,DEN,21.0,80,31,49,0.388,1732.5516666666667,103.1,379,0.223,0.311,79,0.27,50,0.318,558.0,357.0,429.0,1398.0,5.79,5.787198830733242,44,198,437,353,152,187,45,35,48,61,70,68,105,317,263,307,302,111,1,9,9,0,0,0,3,7,0,0,1,0.0,0.0,0,0,0,0,0,0.0,0.0,0.0,0.0,,,,,,18.28358208955224,61.75468483816013,45.62500000000007,40.333822529176956,39.130434782608695,0.0,15.652173913043478,0.0,42.30769230769231,0.0,14.807692307692307,,,,44.638069705093834,,,62.878787878787875,48.484848484848484,57.95454545454546,,,Average,Average,Average,Poor,Poor,2015-16
202703,Nikola Mirotic,Nikola,1610612741,CHI,25.0,66,37,29,0.561,1646.11,104.7,304,0.174,0.264,58,0.256,46,0.234,549.0,455.0,451.0,1630.0,4.79,4.789251818140025,207,139,246,163,171,261,77,110,109,122,91,77,152,313,329,321,338,162,1,11,8,3,0,0,0,0,0,0,0,0.0,0.0,0,0,0,0,0,0.0,0.0,0.0,0.0,,,,,,16.791044776119403,51.873935264054516,35.625000000000014,33.77854525286685,34.78260869565217,27.27272727272727,30.276679841897227,0.0,28.846153846153843,0.0,10.096153846153845,,,,34.584450402144775,,,43.18181818181818,77.65151515151516,35.984848484848484,,,Average,Above Average,Below Average,Poor,Poor,2015-16
202696,Nikola Vučević,Nikola,1610612753,ORL,25.0,65,28,37,0.431,2036.8216666666667,106.1,402,0.203,0.286,53,0.155,70,0.372,660.0,446.0,567.0,1756.0,4.96,4.955046365024219,221,237,343,298,110,319,37,55,73,145,325,41,83,360,325,372,360,156,1,6,6,0,1,0,2,4,0,0,1,0.0,0.0,0,0,0,0,0,0.0,0.0,0.0,0.0,,,,,,25.74626865671642,46.50766609880749,26.87500000000007,33.2949405972692,26.08695652173913,0.0,10.434782608695652,9.090909090909092,25.64102564102564,0.0,12.61072261072261,,,,47.72117962466488,,,42.42424242424242,32.57575757575758,49.621212121212125,,,Average,Below Average,Average,Poor,Poor,2015-16
201976,Patrick Beverley,Patrick,1610612745,HOU,27.0,71,35,36,0.493,2040.6483333333333,105.4,177,0.087,0.132,94,0.215,26,0.118,798.0,611.0,585.0,1814.0,5.4,5.399162469342929,172,157,331,248,109,291,193,376,373,40,165,149,275,421,407,382,371,125,1,10,6,4,1,0,1,2,0,0,2,0.0,0.0,0,0,0,0,0,0.0,0.0,0.0,0.0,,,,,,9.328358208955224,44.03747870528109,31.25,26.956960830430468,26.08695652173913,36.36363636363637,32.25296442687747,9.090909090909092,51.92307692307693,0.0,21.80944055944056,,,,17.560321715817693,,,22.727272727272727,79.92424242424242,73.48484848484848,,,Below Average,Above Average,Above Average,Poor,Poor,2015-16
201988,Patty Mills,Patty,1610612759,SAS,27.0,81,66,15,0.815,1662.06,96.4,131,0.078,0.112,59,0.206,6,0.033,488.0,382.0,379.0,1454.0,9.35,9.351951058147126,19,5,114,33,169,29,250,406,428,117,185,340,421,279,281,272,314,20,1,1,1,0,2,0,0,0,0,0,0,0.0,0.0,0,0,0,0,0,0.0,0.0,0.0,0.0,,,,,,1.8656716417910446,59.36967632027257,87.5,43.40065536881181,4.3478260869565215,0.0,1.7391304347826086,18.181818181818183,29.48717948717949,0.0,17.593240093240095,,,,11.394101876675604,,,69.6969696969697,6.4393939393939394,61.36363636363637,,,Average,Poor,Average,Poor,Poor,2015-16
200794,Paul Millsap,Paul,1610612737,ATL,31.0,81,48,33,0.593,2646.9166666666665,101.6,534,0.189,0.289,147,0.29,139,0.389,876.0,772.0,702.0,2326.0,10.16,10.160535895518791,19,48,291,121,24,125,12,79,68,9,51,5,76,446,467,440,447,12,2,15,11,4,7,0,5,10,0,0,2,0.0,0.0,0,0,0,0,0,0.0,0.0,0.0,0.0,,,,,,51.49253731343284,22.23168654173765,55.00000000000007,42.12810521498133,47.82608695652174,36.36363636363637,40.948616600790515,63.63636363636363,85.8974358974359,0.0,55.518648018648015,,,,65.41554959785523,,,68.18181818181817,89.39393939393939,97.72727272727273,,,Average,Above Average,Elite,Poor,Poor,2015-16
1718,Paul Pierce,Paul,1610612746,LAC,38.0,68,44,24,0.647,1230.6133333333332,103.0,174,0.135,0.206,33,0.163,17,0.134,344.0,340.0,349.0,1048.0,4.19,4.19185534417843,191,72,185,90,238,181,197,197,190,235,303,217,249,203,254,259,237,196,1,6,6,0,0,0,0,0,0,0,0,0.0,0.0,0,0,0,0,0,0.0,0.0,0.0,0.0,,,,,,5.970149253731343,76.66098807495742,46.250000000000036,40.78190552772764,26.08695652173913,0.0,10.434782608695652,0.0,12.82051282051282,0.0,4.487179487179486,,,,17.158176943699733,,,65.15151515151516,32.57575757575758,12.878787878787879,,,Average,Below Average,Poor,Poor,Poor,2015-16
200751,Randy Foye,Randy,1610612760,OKC,32.0,81,37,44,0.457,1641.505,103.1,132,0.076,0.114,39,0.155,29,0.171,617.0,425.0,471.0,1462.0,5.5,5.504244097602871,19,139,413,278,172,186,248,414,420,201,327,131,202,340,311,333,316,117,1,3,3,0,0,0,0,0,0,0,0,0.0,0.0,0,0,0,0,0,0.0,0.0,0.0,0.0,,,,,,10.44776119402985,59.028960817717206,45.62500000000007,36.24549076381298,13.043478260869565,0.0,5.217391304347826,0.0,16.666666666666664,0.0,5.833333333333332,,,,11.528150134048257,,,52.27272727272727,17.045454545454543,21.59090909090909,,,Average,Below Average,Below Average,Poor,Poor,2015-16
101109,Raymond Felton,Raymond,1610612742,DAL,32.0,80,40,40,0.5,2191.995,105.8,222,0.099,0.146,68,0.221,15,0.089,689.0,631.0,758.0,1854.0,5.57,5.568937639082229,44,108,378,224,85,308,140,314,332,88,151,237,322,376,420,459,376,115,2,11,6,5,2,0,0,0,0,0,2,0.0,0.0,0,0,0,0,0,0.0,0.0,0.0,0.0,,,,,,5.223880597014925,42.33390119250426,28.750000000000053,24.093917656182473,26.08695652173913,45.45454545454545,37.70750988142292,18.181818181818183,35.256410256410255,0.0,19.612470862470865,,,,23.59249329758713,,,16.666666666666664,84.0909090909091,68.93939393939394,,,Below Average,Above Average,Average,Poor,Poor,2015-16
2210,Richard Jefferson,Richard,1610612739,CLE,36.0,74,51,23,0.689,1325.625,102.0,113,0.085,0.122,33,0.191,14,0.144,442.0,305.0,266.0,1092.0,4.98,4.984185572753142,135,38,179,60,219,136,278,381,399,235,230,244,235,257,234,202,247,155,1,2,1,1,0,0,1,2,0,0,0,0.0,0.0,0,0,0,0,0,0.0,0.0,0.0,0.0,,,,,,4.850746268656716,74.78705281090289,52.500000000000036,41.240766991278704,4.3478260869565215,9.090909090909092,7.1936758893280635,0.0,12.82051282051282,0.0,4.487179487179486,,,,8.981233243967829,,,67.42424242424242,24.242424242424242,12.878787878787879,,,Average,Below Average,Poor,Poor,Poor,2015-16
1626158,Richaun Holmes,Richaun,1610612755,PHI,22.0,51,7,44,0.137,702.0016666666667,106.3,73,0.104,0.159,19,0.162,40,0.44,298.0,210.0,240.0,624.0,1.7,1.7009995742146413,306,410,413,453,320,327,338,297,297,313,306,94,57,190,173,185,157,334,1,2,2,0,0,0,2,4,0,0,0,0.0,0.0,0,0,0,0,0,0.0,0.0,0.0,0.0,,,,,,14.55223880597015,94.71890971039181,25.625000000000053,45.37876392102521,8.695652173913043,0.0,3.4782608695652173,0.0,3.8461538461538463,0.0,1.346153846153846,,,,3.6193029490616624,,,76.51515151515152,12.878787878787879,3.0303030303030303,,,Above Average,Poor,Poor,Poor,Poor,2015-16
201937,Ricky Rubio,Ricky,1610612750,MIN,25.0,76,28,48,0.368,2322.62,107.0,286,0.124,0.188,162,0.391,10,0.04,777.0,658.0,604.0,2166.0,5.07,5.068930152391765,109,237,432,368,63,352,89,228,230,3,12,286,408,410,433,391,427,148,1,2,1,1,4,0,1,2,0,0,3,0.0,0.0,0,0,0,0,0,0.0,0.0,0.0,0.0,,,,,,3.3582089552238807,29.045996592844975,21.250000000000036,16.821882389585305,4.3478260869565215,9.090909090909092,7.1936758893280635,36.36363636363637,95.51282051282051,0.0,47.97494172494172,,,,32.171581769437,,,6.8181818181818175,24.242424242424242,93.93939393939394,,,Poor,Below Average,Elite,Poor,Poor,2015-16
203496,Robert Covington,Robert,1610612755,PHI,25.0,67,10,57,0.149,1903.0533333333333,105.2,354,0.187,0.279,105,0.284,40,0.177,727.0,546.0,581.0,1696.0,5.24,5.244672908176683,200,384,461,445,128,280,54,84,85,27,57,94,196,392,374,381,351,136,1,4,3,1,2,0,0,0,0,0,1,0.0,0.0,0,0,0,0,0,0.0,0.0,0.0,0.0,,,,,,14.55223880597015,49.063032367972745,32.500000000000014,31.117956851178523,13.043478260869565,9.090909090909092,10.671936758893281,18.181818181818183,58.97435897435898,0.0,27.913752913752916,,,,41.28686327077748,,,35.60606060606061,35.984848484848484,84.0909090909091,,,Below Average,Below Average,Above Average,Poor,Poor,2015-16
201577,Robin Lopez,Robin,1610612752,NYK,28.0,82,32,50,0.39,2218.94,106.5,334,0.145,0.21,16,0.068,129,0.459,742.0,554.0,614.0,2024.0,5.14,5.143858814405262,1,183,440,348,83,330,68,166,178,331,455,10,52,398,379,399,403,144,1,15,13,2,3,0,5,12,0,0,1,0.0,0.0,0,0,0,0,0,0.0,0.0,0.0,0.0,,,,,,47.76119402985074,35.09369676320272,24.375000000000036,37.481021479061255,56.52173913043478,18.181818181818183,33.51778656126483,27.27272727272727,1.9230769230769231,0.0,11.582167832167832,,,,38.605898123324394,,,56.81818181818182,82.1969696969697,44.696969696969695,,,Average,Above Average,Average,Poor,Poor,2015-16
201583,Ryan Anderson,Ryan,1610612740,NOP,28.0,66,24,42,0.364,2008.13,106.9,265,0.136,0.196,38,0.117,25,0.129,612.0,500.0,477.0,1878.0,4.44,4.443515594572402,207,271,403,370,116,346,101,190,208,206,418,155,257,338,352,334,381,180,1,8,3,5,0,1,1,3,0,0,2,0.0,0.0,0,0,0,0,0,0.0,0.0,0.0,0.0,,,,,,8.955223880597014,41.31175468483816,21.875,23.50995369193216,13.043478260869565,45.45454545454545,32.490118577075094,0.0,16.025641025641026,50.0,18.108974358974358,,,,29.356568364611256,,,13.636363636363635,81.06060606060606,63.63636363636363,,,Poor,Above Average,Average,Poor,Poor,2015-16
203498,Shabazz Muhammad,Shabazz,1610612750,MIN,23.0,82,29,53,0.354,1681.985,109.1,167,0.102,0.156,24,0.094,7,0.051,683.0,463.0,483.0,1656.0,2.6,2.598875427888397,1,215,450,377,161,406,207,305,308,283,441,322,387,371,336,339,344,283,1,2,1,1,1,0,1,2,0,0,1,0.0,0.0,0,0,0,0,0,0.0,0.0,0.0,0.0,,,,,,2.2388059701492535,50.76660988074957,8.125000000000071,20.69508584632207,4.3478260869565215,9.090909090909092,7.1936758893280635,9.090909090909092,7.051282051282051,0.0,6.104312354312354,,,,16.219839142091153,,,9.848484848484848,24.242424242424242,23.484848484848484,,,Poor,Below Average,Below Average,Poor,Poor,2015-16
203894,Shabazz Napier,Shabazz,1610612753,ORL,24.0,55,23,32,0.418,599.865,103.7,46,0.077,0.113,23,0.295,1,0.013,197.0,138.0,166.0,512.0,1.9,1.895990226837905,280,278,282,311,335,215,374,412,426,288,47,419,439,138,126,144,136,324,1,1,1,0,1,0,0,0,0,0,1,0.0,0.0,0,0,0,0,0,0.0,0.0,0.0,0.0,,,,,,0.0,99.48892674616695,41.875000000000014,45.28987436115844,4.3478260869565215,0.0,1.7391304347826086,9.090909090909092,6.41025641025641,0.0,5.879953379953379,,,,0.0,,,74.24242424242425,6.4393939393939394,22.727272727272727,,,Above Average,Poor,Below Average,Poor,Poor,2015-16
2733,Shaun Livingston,Shaun,1610612744,GSW,30.0,78,69,9,0.885,1519.5333333333333,102.1,127,0.078,0.119,57,0.217,27,0.154,480.0,455.0,393.0,1434.0,5.49,5.485908926019324,81,4,71,18,188,143,254,405,406,130,161,144,222,276,329,284,309,120,2,10,6,4,5,0,1,3,0,0,1,0.0,0.0,0,0,0,0,0,0.0,0.0,0.0,0.0,,,,,,9.701492537313433,60.221465076660984,51.87500000000007,37.92685979175674,26.08695652173913,36.36363636363637,32.25296442687747,45.45454545454545,28.205128205128204,0.0,28.053613053613056,,,,10.857908847184987,,,59.09090909090909,79.92424242424242,84.84848484848484,,,Average,Above Average,Above Average,Poor,Poor,2015-16
202714,Shelvin Mack,Shelvin,1610612762,UTA,26.0,52,27,25,0.519,1057.9366666666667,100.3,115,0.111,0.157,34,0.19,3,0.029,407.0,231.0,242.0,876.0,4.54,4.543254896100792,299,247,201,206,265,86,270,273,304,231,233,379,426,242,187,187,201,175,1,9,7,2,2,0,0,0,0,0,1,0.0,0.0,0,0,0,0,0,0.0,0.0,0.0,0.0,,,,,,0.7462686567164178,83.98637137989779,63.12500000000006,45.474987445650804,30.434782608695656,18.181818181818183,23.08300395256917,18.181818181818183,13.461538461538462,0.0,11.984265734265735,,,,9.249329758713138,,,77.27272727272727,65.9090909090909,46.96969696969697,,,Above Average,Average,Average,Poor,Poor,2015-16
201939,Stephen Curry,Stephen,1610612744,GSW,28.0,79,71,8,0.899,2699.975,99.8,362,0.117,0.171,169,0.348,15,0.043,915.0,736.0,809.0,2460.0,12.11,12.114228647997543,63,2,62,11,20,73,52,255,266,1,19,237,401,456,457,467,462,4,2,8,8,0,9,0,2,5,0,0,7,0.0,0.0,0,0,0,0,0,0.0,0.0,0.0,0.0,,,,,,5.223880597014925,16.524701873935264,66.25000000000006,24.435697894683326,34.78260869565217,0.0,13.91304347826087,81.81818181818183,100.0,0.0,67.72727272727273,,,,42.35924932975871,,,18.181818181818183,42.42424242424242,100.0,,,Below Average,Average,Elite,Poor,Poor,2015-16
204456,T.J. McConnell,T.J.,1610612755,PHI,24.0,81,10,71,0.123,1605.9416666666666,106.5,207,0.134,0.206,95,0.328,10,0.051,662.0,451.0,591.0,1522.0,3.73,3.7267319532331737,19,384,476,460,181,333,160,198,188,37,26,286,388,363,327,385,325,219,1,1,1,0,3,0,0,0,0,0,2,0.0,0.0,0,0,0,0,0,0.0,0.0,0.0,0.0,,,,,,3.3582089552238807,56.473594548551965,24.375000000000036,27.202791674082746,4.3478260869565215,0.0,1.7391304347826086,27.27272727272727,52.56410256410257,0.0,29.306526806526804,,,,21.58176943699732,,,24.242424242424242,6.4393939393939394,85.60606060606061,,,Below Average,Poor,Above Average,Poor,Poor,2015-16
201959,Taj Gibson,Taj,1610612741,CHI,31.0,73,37,36,0.507,1935.5583333333334,105.3,298,0.14,0.211,47,0.208,77,0.32,641.0,597.0,579.0,1734.0,5.2,5.195747501733856,144,139,331,219,124,284,83,178,174,167,179,36,104,350,396,380,357,140,1,10,8,2,0,0,3,6,0,0,1,0.0,0.0,0,0,0,0,0,0.0,0.0,0.0,0.0,,,,,,28.35820895522388,47.44463373083475,31.875000000000053,35.91765538788173,34.78260869565217,18.181818181818183,24.82213438735178,0.0,21.794871794871796,0.0,7.628205128205128,,,,33.78016085790885,,,50.0,70.07575757575758,27.27272727272727,,,Average,Above Average,Below Average,Poor,Poor,2015-16
2419,Tayshaun Prince,Tayshaun,1610612750,MIN,36.0,77,27,50,0.351,1461.5616666666667,105.0,115,0.078,0.119,36,0.149,13,0.1,470.0,408.0,349.0,1380.0,3.98,3.97515497286781,98,247,440,384,198,276,270,404,404,222,346,252,303,269,294,259,297,207,1,1,1,0,0,0,1,2,0,0,0,0.0,0.0,0,0,0,0,0,0.0,0.0,0.0,0.0,,,,,,4.477611940298507,62.521294718909715,33.750000000000036,32.11099792773781,4.3478260869565215,0.0,1.7391304347826086,0.0,14.743589743589745,0.0,5.160256410256411,,,,9.249329758713138,,,37.878787878787875,6.4393939393939394,15.909090909090908,,,Below Average,Poor,Below Average,Poor,Poor,2015-16
200757,Thabo Sefolosha,Thabo,1610612737,ATL,32.0,75,42,33,0.56,1757.665,98.8,282,0.15,0.228,85,0.239,37,0.177,596.0,459.0,405.0,1508.0,8.4,8.399184152696325,126,90,291,164,149,56,92,154,153,52,113,103,195,331,335,293,323,37,2,6,3,3,10,0,0,0,0,0,0,0.0,0.0,0,0,0,0,0,0.0,0.0,0.0,0.0,,,,,,13.432835820895523,57.06984667802385,72.50000000000006,43.47258066566657,13.043478260869565,27.27272727272727,21.581027667984188,90.9090909090909,46.15384615384615,0.0,52.51748251748252,,,,31.63538873994638,,,70.45454545454545,62.878787878787875,95.45454545454545,,,Above Average,Average,Elite,Poor,Poor,2015-16
1495,Tim Duncan,Tim,1610612759,SAS,40.0,61,50,11,0.82,1536.4266666666667,94.5,332,0.212,0.289,47,0.175,78,0.361,404.0,320.0,384.0,1160.0,9.16,9.157616349531914,241,42,81,31,187,17,70,41,67,167,269,35,86,240,245,275,259,22,1,7,7,0,1,0,5,10,0,0,0,0.0,0.0,0,0,0,0,0,0.0,0.0,0.0,0.0,,,,,,28.73134328358209,71.89097103918229,99.37500000000003,61.49812717714664,30.434782608695656,0.0,12.173913043478263,9.090909090909092,21.794871794871796,0.0,11.264568764568764,,,,38.337801608579085,,,99.24242424242425,39.015151515151516,43.93939393939394,,,Elite,Below Average,Average,Poor,Poor,2015-16
203501,Tim Hardaway Jr.,Tim,1610612737,ATL,24.0,51,29,22,0.569,864.11,97.8,79,0.084,0.126,21,0.147,7,0.07,286.0,205.0,161.0,682.0,4.37,4.37323751908278,306,215,165,157,292,41,329,384,388,302,353,322,357,188,170,140,173,185,1,3,2,1,0,0,0,0,0,0,0,0.0,0.0,0,0,0,0,0,0.0,0.0,0.0,0.0,,,,,,2.2388059701492535,92.24872231686541,78.75000000000006,52.87007519896261,8.695652173913043,9.090909090909092,8.932806324110672,0.0,5.128205128205128,0.0,1.7948717948717945,,,,4.423592493297587,,,92.42424242424242,29.545454545454547,4.545454545454546,,,Elite,Below Average,Poor,Poor,Poor,2015-16
2225,Tony Parker,Tony,1610612759,SAS,34.0,72,59,13,0.819,1980.4416666666666,97.1,159,0.08,0.111,54,0.156,11,0.041,510.0,413.0,533.0,1624.0,10.3,10.295061176500534,157,16,98,32,119,35,222,398,430,138,324,273,406,290,301,356,336,11,1,4,2,2,0,0,0,0,0,0,0,0.0,0.0,0,0,0,0,0,0.0,0.0,0.0,0.0,,,,,,3.731343283582089,52.12947189097103,83.12500000000007,40.51910247527272,8.695652173913043,18.181818181818183,14.387351778656127,0.0,26.282051282051285,0.0,9.198717948717949,,,,15.14745308310992,,,63.63636363636363,45.83333333333333,32.57575757575758,,,Average,Average,Below Average,Poor,Poor,2015-16
203503,Tony Snell,Tony,1610612741,CHI,24.0,64,33,31,0.516,1301.0133333333333,97.3,180,0.117,0.174,16,0.104,17,0.107,393.0,378.0,315.0,1150.0,6.81,6.805509443216176,227,170,265,208,225,38,186,252,260,331,427,217,293,231,276,236,256,84,1,4,2,2,0,0,0,0,0,0,0,0.0,0.0,0,0,0,0,0,0.0,0.0,0.0,0.0,,,,,,5.970149253731343,72.31686541737649,81.87500000000006,48.16771259757432,8.695652173913043,18.181818181818183,14.387351778656127,0.0,1.9230769230769231,0.0,0.673076923076923,,,,17.962466487935657,,,84.0909090909091,45.83333333333333,1.5151515151515151,,,Above Average,Average,Poor,Poor,Poor,2015-16
2772,Trevor Ariza,Trevor,1610612745,HOU,31.0,81,40,41,0.494,2859.1216666666664,108.1,299,0.106,0.164,160,0.264,26,0.09,1179.0,844.0,857.0,2646.0,5.17,5.166549451934226,19,108,391,242,4,392,82,292,284,4,80,149,318,475,474,471,474,142,1,10,8,2,7,0,1,3,0,0,1,0.0,0.0,0,0,0,0,0,0.0,0.0,0.0,0.0,,,,,,9.328358208955224,8.603066439522998,14.375000000000071,10.336166537415156,34.78260869565217,18.181818181818183,24.82213438735178,63.63636363636363,94.23076923076923,0.0,58.43531468531468,,,,33.9142091152815,,,0.7575757575757576,70.07575757575758,98.48484848484848,,,Poor,Above Average,Elite,Poor,Poor,2015-16
202684,Tristan Thompson,Tristan,1610612739,CLE,25.0,82,57,25,0.695,2269.266666666667,102.2,470,0.209,0.293,38,0.121,51,0.29,702.0,498.0,469.0,1934.0,8.33,8.334195919692103,1,20,201,58,72,149,22,44,64,206,410,65,119,382,349,332,390,41,1,3,2,1,0,0,2,4,0,0,1,0.0,0.0,0,0,0,0,0,0.0,0.0,0.0,0.0,,,,,,18.65671641791045,38.9267461669506,51.250000000000014,33.89954772559689,8.695652173913043,9.090909090909092,8.932806324110672,0.0,16.025641025641026,0.0,5.608974358974359,,,,56.83646112600537,,,43.93939393939394,29.545454545454547,18.939393939393938,,,Average,Below Average,Below Average,Poor,Poor,2015-16
203506,Victor Oladipo,Victor,1610612753,ORL,24.0,72,32,40,0.444,2379.33,105.4,297,0.121,0.18,116,0.305,54,0.208,820.0,603.0,650.0,2146.0,6.37,6.371814425709118,157,183,378,286,53,290,84,234,241,21,41,60,171,427,402,424,420,95,1,4,1,3,1,0,0,0,0,0,2,0.0,0.0,0,0,0,0,0,0.0,0.0,0.0,0.0,,,,,,19.776119402985074,29.89778534923339,31.25,26.187172633425718,4.3478260869565215,27.27272727272727,18.10276679841897,9.090909090909092,66.02564102564102,0.0,26.745337995337994,,,,33.64611260053619,,,20.454545454545457,55.3030303030303,82.57575757575758,,,Below Average,Average,Above Average,Poor,Poor,2015-16
202325,Wesley Johnson,Wesley,1610612746,LAC,28.0,80,51,29,0.638,1665.8116666666667,99.9,211,0.121,0.191,89,0.257,56,0.249,516.0,498.0,444.0,1438.0,7.39,7.389844674876755,44,38,246,94,168,76,152,237,220,46,88,56,142,295,349,317,310,64,1,7,4,3,2,0,0,0,0,0,0,0.0,0.0,0,0,0,0,0,0.0,0.0,0.0,0.0,,,,,,20.522388059701495,60.0511073253833,65.625,45.63309278776475,17.391304347826086,27.27272727272727,23.320158102766793,18.181818181818183,48.717948717948715,0.0,24.32400932400932,,,,22.117962466487935,,,78.03030303030303,67.8030303030303,78.03030303030303,,,Above Average,Average,Above Average,Poor,Poor,2015-16
202083,Wesley Matthews,Wesley,1610612742,DAL,29.0,78,40,38,0.513,2644.3016666666667,106.0,211,0.08,0.115,78,0.215,17,0.098,728.0,735.0,818.0,2226.0,6.47,6.467266410610354,81,108,353,212,26,316,152,399,416,64,167,217,305,393,456,469,434,91,2,13,5,8,6,0,1,3,0,0,3,0.0,0.0,0,0,0,0,0,0.0,0.0,0.0,0.0,,,,,,5.970149253731343,26.490630323679724,27.500000000000036,18.53478031478045,21.73913043478261,72.72727272727273,52.33201581027669,54.54545454545454,41.66666666666667,0.0,36.40151515151515,,,,22.117962466487935,,,7.575757575757576,96.96969696969697,90.15151515151516,,,Poor,Elite,Elite,Poor,Poor,2015-16
203115,Will Barton,Will,1610612743,DEN,25.0,82,33,49,0.402,2353.3716666666664,106.8,417,0.177,0.262,71,0.219,39,0.171,825.0,618.0,609.0,2150.0,5.24,5.244452817793972,1,170,437,335,59,342,33,105,110,79,155,98,201,433,414,396,423,136,1,4,4,0,1,0,0,0,0,0,1,0.0,0.0,0,0,0,0,0,0.0,0.0,0.0,0.0,,,,,,14.17910447761194,29.727427597955707,22.500000000000053,21.701241450329288,17.391304347826086,0.0,6.956521739130435,9.090909090909092,37.17948717948718,0.0,16.64918414918415,,,,49.73190348525469,,,11.363636363636363,20.075757575757574,59.84848484848485,,,Poor,Below Average,Average,Poor,Poor,2015-16
203897,Zach LaVine,Zach,1610612750,MIN,21.0,82,29,53,0.354,2293.483333333333,110.4,201,0.089,0.135,69,0.184,17,0.084,953.0,609.0,659.0,2264.0,2.61,2.6114713717181375,1,215,450,377,66,428,167,368,366,83,245,217,333,466,405,429,440,281,1,6,2,4,6,0,0,0,0,0,1,0.0,0.0,0,0,0,0,0,0.0,0.0,0.0,0.0,,,,,,5.970149253731343,24.87223168654174,0.0,11.093340791782145,8.695652173913043,36.36363636363637,25.29644268774704,54.54545454545454,35.8974358974359,0.0,34.38228438228438,,,,20.777479892761395,,,1.5151515151515151,72.72727272727273,88.63636363636364,,,Poor,Above Average,Above Average,Poor,Poor,2015-16
2585,Zaza Pachulia,Zaza,1610612742,DAL,32.0,76,40,36,0.526,2004.1066666666666,103.8,469,0.237,0.339,64,0.237,22,0.18,579.0,516.0,653.0,1702.0,6.22,6.2209944514301325,109,108,331,198,117,218,23,23,26,100,121,173,191,325,362,426,353,98,1,10,8,2,3,0,4,8,0,0,3,0.0,0.0,0,0,0,0,0,0.0,0.0,0.0,0.0,,,,,,7.835820895522389,48.807495741056215,41.25000000000006,30.529451867578643,34.78260869565217,18.181818181818183,24.82213438735178,27.27272727272727,32.69230769230769,0.0,22.3513986013986,,,,56.70241286863271,,,34.090909090909086,70.07575757575758,75.0,,,Below Average,Above Average,Above Average,Poor,Poor,2015-16
